,Hospitals,Hotels
0,Rungta Hospital,"APPOINTMENT LINK
- not available -"
1,Rungta Hospital,"INTERNATIONAL CUISINES
- Not Available -"
2,Rungta Hospital,"INTERNATIONAL RECOGNITIONS
- Not Available -"
3,Rungta Hospital,"ISO DETAILS
- Not Available -"
4,Rungta Hospital,"LANGUAGES
* English
* Hindi
* Oriya
* Telugu
* Tamil
* Chinese
* Punjabi
* Bangla
* Marathi
* Malyalam
* French"
5,Rungta Hospital,"CERTIFICATES
* NABH"
6,Rungta Hospital,
7,Rungta Hospital,
8,Rungta Hospital,
9,Rungta Hospital,
10,Rungta Hospital,
11,Rungta Hospital,
12,Rungta Hospital,
13,Rungta Hospital,
14,Rungta Hospital,
15,Rungta Hospital,
16,Rungta Hospital,
17,Rungta Hospital,
18,Rungta Hospital,
19,Rungta Hospital,
20,Rungta Hospital,
21,Rungta Hospital,
22,Rungta Hospital,
23,Rungta Hospital,
24,Rungta Hospital,
25,Rungta Hospital,
26,Rungta Hospital,
27,Rungta Hospital,
28,Rungta Hospital,
29,Rungta Hospital,
30,Rungta Hospital,
31,Rungta Hospital,
32,Rungta Hospital,
33,Rungta Hospital,
34,Rungta Hospital,
35,Rungta Hospital,
36,Rungta Hospital,
37,Rungta Hospital,
38,Rungta Hospital,
39,Rungta Hospital,
40,Rungta Hospital,
41,Rungta Hospital,
42,Rungta Hospital,
43,Rungta Hospital,
44,Rungta Hospital,
45,Rungta Hospital,
46,Rungta Hospital,
47,Rungta Hospital,
48,Rungta Hospital,
49,Rungta Hospital,
50,Rungta Hospital,
51,Rungta Hospital,
52,Rungta Hospital,
53,Rungta Hospital,
54,Rungta Hospital,
55,Rungta Hospital,
56,Rungta Hospital,
57,Rungta Hospital,
58,Rungta Hospital,
59,Rungta Hospital,
60,Rungta Hospital,
61,Rungta Hospital,
62,Rungta Hospital,
63,Rungta Hospital,
64,Rungta Hospital,
65,Rungta Hospital,
66,Rungta Hospital,
67,Rungta Hospital,
68,Rungta Hospital,
69,Rungta Hospital,
70,Rungta Hospital,
71,Rungta Hospital,
72,Rungta Hospital,
73,Rungta Hospital,
74,Rungta Hospital,
75,Rungta Hospital,
76,Rungta Hospital,
77,Rungta Hospital,
78,Rungta Hospital,
79,Rungta Hospital,
80,Rungta Hospital,
81,Rungta Hospital,
82,Rungta Hospital,
83,Rungta Hospital,
84,Rungta Hospital,
85,Rungta Hospital,
86,Rungta Hospital,
87,Rungta Hospital,
88,Rungta Hospital,
89,Rungta Hospital,
90,Rungta Hospital,
91,Rungta Hospital,
92,Rungta Hospital,
93,Rungta Hospital,
94,Rungta Hospital,
95,Rungta Hospital,
96,Rungta Hospital,
97,Rungta Hospital,
98,Rungta Hospital,
99,Rungta Hospital,
100,Rungta Hospital,
101,Rungta Hospital,
102,Rungta Hospital,
103,Rungta Hospital,
104,Rungta Hospital,
105,Rungta Hospital,
106,Rungta Hospital,
107,Rungta Hospital,
108,Rungta Hospital,
109,Rungta Hospital,
110,Rungta Hospital,
111,Rungta Hospital,
112,Rungta Hospital,
113,Rungta Hospital,
114,Rungta Hospital,
115,Rungta Hospital,
116,Rungta Hospital,
117,Rungta Hospital,
118,Rungta Hospital,
119,Rungta Hospital,
120,Rungta Hospital,
121,Rungta Hospital,
122,Rungta Hospital,
123,Rungta Hospital,
124,Rungta Hospital,
125,Rungta Hospital,
126,Rungta Hospital,
127,Rungta Hospital,
128,Rungta Hospital,"HOTEL'S NAME:
Radisson Hotel
STAR RTAING:
5
HOTEL'S DISTANCE FROM HOSPITAL (IN KM):
2.7
ROOM COUNT:
182
PRICE RANGE (INR):
- Not Available -
PRICE RANGE (USD):
- Not Available -
HOTELS LINK:
https://www.radissonhotels.com/en-us/"
129,"Dharamshila Hospital And Research Centre, Delhi","APPOINTMENT LINK
http://www.dhrc.in"
130,"Dharamshila Hospital And Research Centre, Delhi","INTERNATIONAL CUISINES
- Not Available -"
131,"Dharamshila Hospital And Research Centre, Delhi","INTERNATIONAL RECOGNITIONS
- Not Available -"
132,"Dharamshila Hospital And Research Centre, Delhi","ISO DETAILS
- Not Available -"
133,"Dharamshila Hospital And Research Centre, Delhi","LANGUAGES
* Arabic
* English
* French
* Russian"
134,"Dharamshila Hospital And Research Centre, Delhi","CERTIFICATES
* NABH
* ISO"
135,"Dharamshila Hospital And Research Centre, Delhi",
136,"Dharamshila Hospital And Research Centre, Delhi",
137,"Dharamshila Hospital And Research Centre, Delhi",
138,"Dharamshila Hospital And Research Centre, Delhi",
139,"Dharamshila Hospital And Research Centre, Delhi",
140,"Dharamshila Hospital And Research Centre, Delhi",
141,"Dharamshila Hospital And Research Centre, Delhi",
142,"Dharamshila Hospital And Research Centre, Delhi",
143,"Dharamshila Hospital And Research Centre, Delhi",
144,"Dharamshila Hospital And Research Centre, Delhi",
145,"Dharamshila Hospital And Research Centre, Delhi",
146,"Dharamshila Hospital And Research Centre, Delhi",
147,"Dharamshila Hospital And Research Centre, Delhi",
148,"Dharamshila Hospital And Research Centre, Delhi",
149,"Dharamshila Hospital And Research Centre, Delhi",
150,"Dharamshila Hospital And Research Centre, Delhi",
151,"Dharamshila Hospital And Research Centre, Delhi",
152,"Dharamshila Hospital And Research Centre, Delhi",
153,"Dharamshila Hospital And Research Centre, Delhi",
154,"Dharamshila Hospital And Research Centre, Delhi",
155,"Dharamshila Hospital And Research Centre, Delhi",
156,"Dharamshila Hospital And Research Centre, Delhi",
157,"Dharamshila Hospital And Research Centre, Delhi",
158,"Dharamshila Hospital And Research Centre, Delhi",
159,"Dharamshila Hospital And Research Centre, Delhi",
160,"Dharamshila Hospital And Research Centre, Delhi",
161,"Dharamshila Hospital And Research Centre, Delhi",
162,"Dharamshila Hospital And Research Centre, Delhi",
163,"Dharamshila Hospital And Research Centre, Delhi",
164,"Dharamshila Hospital And Research Centre, Delhi",
165,"Dharamshila Hospital And Research Centre, Delhi",
166,"Dharamshila Hospital And Research Centre, Delhi",
167,"Dharamshila Hospital And Research Centre, Delhi",
168,"Dharamshila Hospital And Research Centre, Delhi",
169,"Dharamshila Hospital And Research Centre, Delhi",
170,"Dharamshila Hospital And Research Centre, Delhi",
171,"Dharamshila Hospital And Research Centre, Delhi",
172,"Dharamshila Hospital And Research Centre, Delhi",
173,"Dharamshila Hospital And Research Centre, Delhi",
174,"Dharamshila Hospital And Research Centre, Delhi",
175,"Dharamshila Hospital And Research Centre, Delhi",
176,"Dharamshila Hospital And Research Centre, Delhi",
177,"Dharamshila Hospital And Research Centre, Delhi",
178,"Dharamshila Hospital And Research Centre, Delhi",
179,"Dharamshila Hospital And Research Centre, Delhi",
180,"Dharamshila Hospital And Research Centre, Delhi",
181,"Dharamshila Hospital And Research Centre, Delhi",
182,"Dharamshila Hospital And Research Centre, Delhi",
183,"Dharamshila Hospital And Research Centre, Delhi",
184,"Dharamshila Hospital And Research Centre, Delhi","HOTEL'S NAME:
OYO 10667 Prakash Guest House
STAR RTAING:
2
HOTEL'S DISTANCE FROM HOSPITAL (IN KM):
1.0
ROOM COUNT:
35
PRICE RANGE (INR):
1800
PRICE RANGE (USD):
24
HOTELS LINK:
oyorooms.com"
185,"Dharamshila Hospital And Research Centre, Delhi","HOTEL'S NAME:
Hotel Noida Darbar A Banquet Hotel
STAR RTAING:
2
HOTEL'S DISTANCE FROM HOSPITAL (IN KM):
1.0
ROOM COUNT:
43
PRICE RANGE (INR):
2500
PRICE RANGE (USD):
33
HOTELS LINK:
https://noidadarbar.business.site/?utm_source=gmb&utm_medium=referral"
186,"Dharamshila Hospital And Research Centre, Delhi","SIGHT'S NAME:
Raj Ghat
SIGHTS' ADDRESS:
Behind Red Fort, New Delhi, Delhi 110006
SIGHT DISTANCE FROM HOSPITAL (IN KM):
12.0
CONNECTIVITY:
Cab
HOTELS LINK:
- Not Available -
TRAVEL AGENCY DETAILS
AGENCY NAME:
Ola Cabs
AGENCY WEBSITE:
olacabs.com
AGENCY CONTACT:
080-67350900"
187,"Dharamshila Hospital And Research Centre, Delhi","MARKET NAME:
Malda Bazar
MARKET IS KNOWN FOR:
Fresh Vegetables & Fresh Non Veg Raw Food
RESTURANTS IN MARKET PLACE:
Fast Food, Casual, Family Resturants, Etc
RELIGIOUS PLACES IN MARKET:
Temple"
188,"Care Hospitals, Vishakhapatnam","APPOINTMENT LINK
http://www.carehospitals.com"
189,"Care Hospitals, Vishakhapatnam","INTERNATIONAL CUISINES
* Indian
* Continental
* French"
190,"Care Hospitals, Vishakhapatnam","INTERNATIONAL RECOGNITIONS
- Not Available -"
191,"Care Hospitals, Vishakhapatnam","ISO DETAILS
- Not Available -"
192,"Care Hospitals, Vishakhapatnam","LANGUAGES
* Arabic
* French
* Russian
* Spanish"
193,"Care Hospitals, Vishakhapatnam","CERTIFICATES
* NABH"
194,"Care Hospitals, Vishakhapatnam",
195,"Care Hospitals, Vishakhapatnam",
196,"Care Hospitals, Vishakhapatnam",
197,"Care Hospitals, Vishakhapatnam",
198,"Care Hospitals, Vishakhapatnam",
199,"Care Hospitals, Vishakhapatnam",
200,"Care Hospitals, Vishakhapatnam",
201,"Care Hospitals, Vishakhapatnam",
202,"Care Hospitals, Vishakhapatnam",
203,"Care Hospitals, Vishakhapatnam",
204,"Care Hospitals, Vishakhapatnam",
205,"Care Hospitals, Vishakhapatnam",
206,"Care Hospitals, Vishakhapatnam",
207,"Care Hospitals, Vishakhapatnam",
208,"Care Hospitals, Vishakhapatnam",
209,"Care Hospitals, Vishakhapatnam",
210,"Care Hospitals, Vishakhapatnam",
211,"Care Hospitals, Vishakhapatnam",
212,"Care Hospitals, Vishakhapatnam",
213,"Care Hospitals, Vishakhapatnam",
214,"Care Hospitals, Vishakhapatnam",
215,"Care Hospitals, Vishakhapatnam",
216,"Care Hospitals, Vishakhapatnam",
217,"Care Hospitals, Vishakhapatnam",
218,"Care Hospitals, Vishakhapatnam",
219,"Care Hospitals, Vishakhapatnam",
220,"Care Hospitals, Vishakhapatnam",
221,"Care Hospitals, Vishakhapatnam",
222,"Care Hospitals, Vishakhapatnam",
223,"Care Hospitals, Vishakhapatnam",
224,"Care Hospitals, Vishakhapatnam",
225,"Care Hospitals, Vishakhapatnam",
226,"Care Hospitals, Vishakhapatnam",
227,"Care Hospitals, Vishakhapatnam",
228,"Care Hospitals, Vishakhapatnam",
229,"Care Hospitals, Vishakhapatnam",
230,"Care Hospitals, Vishakhapatnam",
231,"Care Hospitals, Vishakhapatnam",
232,"Care Hospitals, Vishakhapatnam",
233,"Care Hospitals, Vishakhapatnam",
234,"Care Hospitals, Vishakhapatnam",
235,"Care Hospitals, Vishakhapatnam",
236,"Care Hospitals, Vishakhapatnam",
237,"Care Hospitals, Vishakhapatnam",
238,"Care Hospitals, Vishakhapatnam",
239,"Care Hospitals, Vishakhapatnam",
240,"Care Hospitals, Vishakhapatnam",
241,"Care Hospitals, Vishakhapatnam",
242,"Care Hospitals, Vishakhapatnam",
243,"Care Hospitals, Vishakhapatnam",
244,"Care Hospitals, Vishakhapatnam",
245,"Care Hospitals, Vishakhapatnam",
246,"Care Hospitals, Vishakhapatnam",
247,"Care Hospitals, Vishakhapatnam",
248,"Care Hospitals, Vishakhapatnam",
249,"Care Hospitals, Vishakhapatnam",
250,"Care Hospitals, Vishakhapatnam",
251,"Care Hospitals, Vishakhapatnam",
252,"Care Hospitals, Vishakhapatnam",
253,"Care Hospitals, Vishakhapatnam",
254,"Care Hospitals, Vishakhapatnam",
255,"Care Hospitals, Vishakhapatnam",
256,"Care Hospitals, Vishakhapatnam",
257,"Care Hospitals, Vishakhapatnam",
258,"Care Hospitals, Vishakhapatnam",
259,"Care Hospitals, Vishakhapatnam",
260,"Care Hospitals, Vishakhapatnam",
261,"Care Hospitals, Vishakhapatnam",
262,"Care Hospitals, Vishakhapatnam",
263,"Care Hospitals, Vishakhapatnam",
264,"Care Hospitals, Vishakhapatnam",
265,"Care Hospitals, Vishakhapatnam",
266,"Care Hospitals, Vishakhapatnam",
267,"Care Hospitals, Vishakhapatnam",
268,"Care Hospitals, Vishakhapatnam",
269,"Care Hospitals, Vishakhapatnam",
270,"Care Hospitals, Vishakhapatnam",
271,"Care Hospitals, Vishakhapatnam",
272,"Care Hospitals, Vishakhapatnam",
273,"Care Hospitals, Vishakhapatnam",
274,"Care Hospitals, Vishakhapatnam",
275,"Care Hospitals, Vishakhapatnam",
276,"Care Hospitals, Vishakhapatnam",
277,"Care Hospitals, Vishakhapatnam",
278,"Care Hospitals, Vishakhapatnam",
279,"Care Hospitals, Vishakhapatnam","HOTEL'S NAME:
Fortune Inn Sree Kanya, Visakhapatnam
STAR RTAING:
4
HOTEL'S DISTANCE FROM HOSPITAL (IN KM):
2.0
ROOM COUNT:
93
PRICE RANGE (INR):
4000
PRICE RANGE (USD):
53
HOTELS LINK:
http://fortunehotels.in/hotel/visakhapatnam-fortune_inn_sree_kanya.aspx"
280,"Care Hospitals, Vishakhapatnam","HOTEL'S NAME:
Hotel Supreme
STAR RTAING:
3
HOTEL'S DISTANCE FROM HOSPITAL (IN KM):
2.0
ROOM COUNT:
67
PRICE RANGE (INR):
3000
PRICE RANGE (USD):
40
HOTELS LINK:
http://hotelsupremevizag.com/"
281,"Care Hospitals, Vishakhapatnam","SIGHT'S NAME:
Simhachalam Temple
SIGHTS' ADDRESS:
Simhachalam
SIGHT DISTANCE FROM HOSPITAL (IN KM):
17.0
CONNECTIVITY:
Bus/ Cab
HOTELS LINK:
- Not Available -
TRAVEL AGENCY DETAILS
AGENCY NAME:
Ola Cabs
AGENCY WEBSITE:
olacabs.com
AGENCY CONTACT:
080-67350900"
282,"Care Hospitals, Vishakhapatnam","MARKET NAME:
Jagadamba Centre
MARKET IS KNOWN FOR:
Malls, Emporiums And Other Retail Shops- Hand Woven Fabrics, Wooden Carvings, Metal Sculptures, Sandalwood Products, Antiques, Leather Products, Carpets, Wall Hangings And Other Popular Craftwork
RESTURANTS IN MARKET PLACE:
Indian, European, Chinese, Continental, Beverages, Fast Food, Cafe
RELIGIOUS PLACES IN MARKET:
Simhachalam Temple"
283,"Max Super Speciality Hospitals, Patparganj","APPOINTMENT LINK
https://www.maxhealthcare.in/hospital-network/max-super-speciality-hospital-patparganj"
284,"Max Super Speciality Hospitals, Patparganj","INTERNATIONAL CUISINES
* French"
285,"Max Super Speciality Hospitals, Patparganj","INTERNATIONAL RECOGNITIONS
- Not Available -"
286,"Max Super Speciality Hospitals, Patparganj",
287,"Max Super Speciality Hospitals, Patparganj",
288,"Max Super Speciality Hospitals, Patparganj",
289,"Max Super Speciality Hospitals, Patparganj",
290,"Max Super Speciality Hospitals, Patparganj",
291,"Max Super Speciality Hospitals, Patparganj",
292,"Max Super Speciality Hospitals, Patparganj",
293,"Max Super Speciality Hospitals, Patparganj",
294,"Max Super Speciality Hospitals, Patparganj",
295,"Max Super Speciality Hospitals, Patparganj",
296,"Max Super Speciality Hospitals, Patparganj",
297,"Max Super Speciality Hospitals, Patparganj",
298,"Max Super Speciality Hospitals, Patparganj",
299,"Max Super Speciality Hospitals, Patparganj",
300,"Max Super Speciality Hospitals, Patparganj",
301,"Max Super Speciality Hospitals, Patparganj",
302,"Max Super Speciality Hospitals, Patparganj",
303,"Max Super Speciality Hospitals, Patparganj",
304,"Max Super Speciality Hospitals, Patparganj",
305,"Max Super Speciality Hospitals, Patparganj",
306,"Max Super Speciality Hospitals, Patparganj",
307,"Max Super Speciality Hospitals, Patparganj",
308,"Max Super Speciality Hospitals, Patparganj",
309,"Max Super Speciality Hospitals, Patparganj",
310,"Max Super Speciality Hospitals, Patparganj",
311,"Max Super Speciality Hospitals, Patparganj",
312,"Max Super Speciality Hospitals, Patparganj",
313,"Max Super Speciality Hospitals, Patparganj",
314,"Max Super Speciality Hospitals, Patparganj",
315,"Max Super Speciality Hospitals, Patparganj",
316,"Max Super Speciality Hospitals, Patparganj",
317,"Max Super Speciality Hospitals, Patparganj",
318,"Max Super Speciality Hospitals, Patparganj",
319,"Max Super Speciality Hospitals, Patparganj",
320,"Max Super Speciality Hospitals, Patparganj",
321,"Max Super Speciality Hospitals, Patparganj",
322,"Max Super Speciality Hospitals, Patparganj",
323,"Max Super Speciality Hospitals, Patparganj",
324,"Max Super Speciality Hospitals, Patparganj",
325,"Max Super Speciality Hospitals, Patparganj",
326,"Max Super Speciality Hospitals, Patparganj",
327,"Max Super Speciality Hospitals, Patparganj",
328,"Max Super Speciality Hospitals, Patparganj",
329,"Max Super Speciality Hospitals, Patparganj",
330,"Max Super Speciality Hospitals, Patparganj",
331,"Max Super Speciality Hospitals, Patparganj",
332,"Max Super Speciality Hospitals, Patparganj",
333,"Max Super Speciality Hospitals, Patparganj",
334,"Max Super Speciality Hospitals, Patparganj",
335,"Max Super Speciality Hospitals, Patparganj",
336,"Max Super Speciality Hospitals, Patparganj",
337,"Max Super Speciality Hospitals, Patparganj",
338,"Max Super Speciality Hospitals, Patparganj",
339,"Max Super Speciality Hospitals, Patparganj",
340,"Max Super Speciality Hospitals, Patparganj",
341,"Max Super Speciality Hospitals, Patparganj",
342,"Max Super Speciality Hospitals, Patparganj",
343,"Max Super Speciality Hospitals, Patparganj",
344,"Max Super Speciality Hospitals, Patparganj",
345,"Max Super Speciality Hospitals, Patparganj",
346,"Max Super Speciality Hospitals, Patparganj",
347,"Max Super Speciality Hospitals, Patparganj",
348,"Max Super Speciality Hospitals, Patparganj",
349,"Max Super Speciality Hospitals, Patparganj",
350,"Max Super Speciality Hospitals, Patparganj",
351,"Max Super Speciality Hospitals, Patparganj",
352,"Max Super Speciality Hospitals, Patparganj",
353,"Max Super Speciality Hospitals, Patparganj",
354,"Max Super Speciality Hospitals, Patparganj",
355,"Max Super Speciality Hospitals, Patparganj",
356,"Max Super Speciality Hospitals, Patparganj",
357,"Max Super Speciality Hospitals, Patparganj",
358,"Max Super Speciality Hospitals, Patparganj",
359,"Max Super Speciality Hospitals, Patparganj",
360,"Max Super Speciality Hospitals, Patparganj",
361,"Max Super Speciality Hospitals, Patparganj",
362,"Max Super Speciality Hospitals, Patparganj",
363,"Max Super Speciality Hospitals, Patparganj",
364,"Max Super Speciality Hospitals, Patparganj",
365,"Max Super Speciality Hospitals, Patparganj",
366,"Max Super Speciality Hospitals, Patparganj",
367,"Max Super Speciality Hospitals, Patparganj",
368,"Max Super Speciality Hospitals, Patparganj",
369,"Max Super Speciality Hospitals, Patparganj",
370,"Max Super Speciality Hospitals, Patparganj",
371,"Max Super Speciality Hospitals, Patparganj",
372,"Max Super Speciality Hospitals, Patparganj",
373,"Max Super Speciality Hospitals, Patparganj",
374,"Max Super Speciality Hospitals, Patparganj","HOTEL'S NAME:
LE MERIDIEN NEW DELHI
STAR RTAING:
5
HOTEL'S DISTANCE FROM HOSPITAL (IN KM):
12.0
ROOM COUNT:
360
PRICE RANGE (INR):
8000
PRICE RANGE (USD):
106
HOTELS LINK:
http://lemeridien.com"
375,"Max Super Speciality Hospitals, Patparganj","HOTEL'S NAME:
THE ROYAL PLAZA
STAR RTAING:
4
HOTEL'S DISTANCE FROM HOSPITAL (IN KM):
10.0
ROOM COUNT:
420
PRICE RANGE (INR):
6000
PRICE RANGE (USD):
80
HOTELS LINK:
http://hoteltheroyalplaza.com"
376,"Max Super Speciality Hospitals, Patparganj","SIGHT'S NAME:
Akshardam Temple
SIGHTS' ADDRESS:
Noida Mor, Pandav Nagar, New Delhi, Delhi 110092
SIGHT DISTANCE FROM HOSPITAL (IN KM):
4.0
CONNECTIVITY:
Metro, Tourist Buses, Local Bus, City Bus, Taxi, Auto, E – Rikshaw
HOTELS LINK:
- Not Available -
TRAVEL AGENCY DETAILS
AGENCY NAME:
Ola Cabs
AGENCY WEBSITE:
olacabs.com
AGENCY CONTACT:
080-67350900"
377,"Max Super Speciality Hospitals, Patparganj","MARKET NAME:
Khan Market
MARKET IS KNOWN FOR:
Hardware, Electronics, Fabric, Footwear, Ethnic Items, Designer Outfits
RESTURANTS IN MARKET PLACE:
Indian, Mughlai, Italian, Café, Chinese, Thai, Continental, French, Continental
RELIGIOUS PLACES IN MARKET:
Temple – Gopal Mandir, Jewish - Judah Hyam Synagogue Church – St Latter Day Church"
378,"Max Super Speciality Hospitals, Delhi","APPOINTMENT LINK
http://www.maxhealthcare.in"
379,"Max Super Speciality Hospitals, Delhi","INTERNATIONAL CUISINES
* Indian
* Continental"
380,"Max Super Speciality Hospitals, Delhi","INTERNATIONAL RECOGNITIONS
The First Founder International Center Of Excellence For Bariatric Surgery (ICE) In India By Surgical Review Corporation (SRC), USA"
381,"Max Super Speciality Hospitals, Delhi","ISO DETAILS
- Not Available -"
382,"Max Super Speciality Hospitals, Delhi","LANGUAGES
* Arabic
* French
* Russian
* Japanese"
383,"Max Super Speciality Hospitals, Delhi",
384,"Max Super Speciality Hospitals, Delhi",
385,"Max Super Speciality Hospitals, Delhi",
386,"Max Super Speciality Hospitals, Delhi",
387,"Max Super Speciality Hospitals, Delhi",
388,"Max Super Speciality Hospitals, Delhi",
389,"Max Super Speciality Hospitals, Delhi",
390,"Max Super Speciality Hospitals, Delhi",
391,"Max Super Speciality Hospitals, Delhi",
392,"Max Super Speciality Hospitals, Delhi",
393,"Max Super Speciality Hospitals, Delhi",
394,"Max Super Speciality Hospitals, Delhi",
395,"Max Super Speciality Hospitals, Delhi",
396,"Max Super Speciality Hospitals, Delhi",
397,"Max Super Speciality Hospitals, Delhi",
398,"Max Super Speciality Hospitals, Delhi",
399,"Max Super Speciality Hospitals, Delhi",
400,"Max Super Speciality Hospitals, Delhi",
401,"Max Super Speciality Hospitals, Delhi",
402,"Max Super Speciality Hospitals, Delhi",
403,"Max Super Speciality Hospitals, Delhi",
404,"Max Super Speciality Hospitals, Delhi",
405,"Max Super Speciality Hospitals, Delhi",
406,"Max Super Speciality Hospitals, Delhi",
407,"Max Super Speciality Hospitals, Delhi",
408,"Max Super Speciality Hospitals, Delhi",
409,"Max Super Speciality Hospitals, Delhi",
410,"Max Super Speciality Hospitals, Delhi",
411,"Max Super Speciality Hospitals, Delhi",
412,"Max Super Speciality Hospitals, Delhi",
413,"Max Super Speciality Hospitals, Delhi",
414,"Max Super Speciality Hospitals, Delhi",
415,"Max Super Speciality Hospitals, Delhi",
416,"Max Super Speciality Hospitals, Delhi",
417,"Max Super Speciality Hospitals, Delhi",
418,"Max Super Speciality Hospitals, Delhi",
419,"Max Super Speciality Hospitals, Delhi",
420,"Max Super Speciality Hospitals, Delhi",
421,"Max Super Speciality Hospitals, Delhi",
422,"Max Super Speciality Hospitals, Delhi",
423,"Max Super Speciality Hospitals, Delhi",
424,"Max Super Speciality Hospitals, Delhi",
425,"Max Super Speciality Hospitals, Delhi",
426,"Max Super Speciality Hospitals, Delhi",
427,"Max Super Speciality Hospitals, Delhi",
428,"Max Super Speciality Hospitals, Delhi",
429,"Max Super Speciality Hospitals, Delhi",
430,"Max Super Speciality Hospitals, Delhi",
431,"Max Super Speciality Hospitals, Delhi",
432,"Max Super Speciality Hospitals, Delhi",
433,"Max Super Speciality Hospitals, Delhi",
434,"Max Super Speciality Hospitals, Delhi",
435,"Max Super Speciality Hospitals, Delhi",
436,"Max Super Speciality Hospitals, Delhi",
437,"Max Super Speciality Hospitals, Delhi",
438,"Max Super Speciality Hospitals, Delhi",
439,"Max Super Speciality Hospitals, Delhi",
440,"Max Super Speciality Hospitals, Delhi",
441,"Max Super Speciality Hospitals, Delhi",
442,"Max Super Speciality Hospitals, Delhi",
443,"Max Super Speciality Hospitals, Delhi",
444,"Max Super Speciality Hospitals, Delhi",
445,"Max Super Speciality Hospitals, Delhi",
446,"Max Super Speciality Hospitals, Delhi",
447,"Max Super Speciality Hospitals, Delhi",
448,"Max Super Speciality Hospitals, Delhi",
449,"Max Super Speciality Hospitals, Delhi",
450,"Max Super Speciality Hospitals, Delhi",
451,"Max Super Speciality Hospitals, Delhi",
452,"Max Super Speciality Hospitals, Delhi",
453,"Max Super Speciality Hospitals, Delhi",
454,"Max Super Speciality Hospitals, Delhi",
455,"Max Super Speciality Hospitals, Delhi",
456,"Max Super Speciality Hospitals, Delhi",
457,"Max Super Speciality Hospitals, Delhi",
458,"Max Super Speciality Hospitals, Delhi",
459,"Max Super Speciality Hospitals, Delhi",
460,"Max Super Speciality Hospitals, Delhi",
461,"Max Super Speciality Hospitals, Delhi",
462,"Max Super Speciality Hospitals, Delhi",
463,"Max Super Speciality Hospitals, Delhi",
464,"Max Super Speciality Hospitals, Delhi",
465,"Max Super Speciality Hospitals, Delhi",
466,"Max Super Speciality Hospitals, Delhi",
467,"Max Super Speciality Hospitals, Delhi",
468,"Max Super Speciality Hospitals, Delhi",
469,"Max Super Speciality Hospitals, Delhi",
470,"Max Super Speciality Hospitals, Delhi","HOTEL'S NAME:
The Suryaa, New Delhi
STAR RTAING:
5
HOTEL'S DISTANCE FROM HOSPITAL (IN KM):
9.0
ROOM COUNT:
244
PRICE RANGE (INR):
5000
PRICE RANGE (USD):
66
HOTELS LINK:
http://thesuryaa.com/accommodation.html"
471,"Max Super Speciality Hospitals, Delhi","HOTEL'S NAME:
Emblem - A Boutique Hotel-New Delhi
STAR RTAING:
4
HOTEL'S DISTANCE FROM HOSPITAL (IN KM):
9.0
ROOM COUNT:
20
PRICE RANGE (INR):
2500
PRICE RANGE (USD):
33
HOTELS LINK:
http://emblemhotels.in/about-hotel.html"
472,"Max Super Speciality Hospitals, Delhi","SIGHT'S NAME:
India Gate
SIGHTS' ADDRESS:
Rajpat
SIGHT DISTANCE FROM HOSPITAL (IN KM):
12.6
CONNECTIVITY:
Metro/ Local Bus/ Auto/ Taxi
HOTELS LINK:
- Not Available -
TRAVEL AGENCY DETAILS
AGENCY NAME:
Ola Cabs
AGENCY WEBSITE:
olacabs.com
AGENCY CONTACT:
080-67350900"
473,"Max Super Speciality Hospitals, Delhi","MARKET NAME:
Connaught Place (Includes Palika Bazar, Janpath Market, Metropolitan, Tibetian Market, Wholesale Flower Market)
MARKET IS KNOWN FOR:
Apparels, Gold And Synthetic Jewellery Handcraft, Kashmiri Shawls And Carpeting, Artwork And Gemstones, Footwearand Electronic Items
RESTURANTS IN MARKET PLACE:
Multicuisine, South Indian, Chinese, Italian, Coffee Shops, Snacks, Chinese Restaurants
RELIGIOUS PLACES IN MARKET:
Lakshmi Narayan Mandir"
474,"Zydus Hospital, Anand","APPOINTMENT LINK
http://www.zydushospitals.com"
475,"Zydus Hospital, Anand","INTERNATIONAL CUISINES
* Indian"
476,"Zydus Hospital, Anand","INTERNATIONAL RECOGNITIONS
- Not Available -"
477,"Zydus Hospital, Anand","ISO DETAILS
- Not Available -"
478,"Zydus Hospital, Anand","LANGUAGES
* English"
479,"Zydus Hospital, Anand","CERTIFICATES
* NABH"
480,"Zydus Hospital, Anand",
481,"Zydus Hospital, Anand",
482,"Zydus Hospital, Anand",
483,"Zydus Hospital, Anand",
484,"Zydus Hospital, Anand",
485,"Zydus Hospital, Anand",
486,"Zydus Hospital, Anand",
487,"Zydus Hospital, Anand",
488,"Zydus Hospital, Anand",
489,"Zydus Hospital, Anand",
490,"Zydus Hospital, Anand",
491,"Zydus Hospital, Anand",
492,"Zydus Hospital, Anand",
493,"Zydus Hospital, Anand",
494,"Zydus Hospital, Anand",
495,"Zydus Hospital, Anand",
496,"Zydus Hospital, Anand",
497,"Zydus Hospital, Anand",
498,"Zydus Hospital, Anand",
499,"Zydus Hospital, Anand",
500,"Zydus Hospital, Anand",
501,"Zydus Hospital, Anand",
502,"Zydus Hospital, Anand",
503,"Zydus Hospital, Anand",
504,"Zydus Hospital, Anand",
505,"Zydus Hospital, Anand",
506,"Zydus Hospital, Anand",
507,"Zydus Hospital, Anand",
508,"Zydus Hospital, Anand",
509,"Zydus Hospital, Anand",
510,"Zydus Hospital, Anand",
511,"Zydus Hospital, Anand",
512,"Zydus Hospital, Anand",
513,"Zydus Hospital, Anand",
514,"Zydus Hospital, Anand",
515,"Zydus Hospital, Anand",
516,"Zydus Hospital, Anand",
517,"Zydus Hospital, Anand",
518,"Zydus Hospital, Anand",
519,"Zydus Hospital, Anand",
520,"Zydus Hospital, Anand",
521,"Zydus Hospital, Anand",
522,"Zydus Hospital, Anand",
523,"Zydus Hospital, Anand",
524,"Zydus Hospital, Anand",
525,"Zydus Hospital, Anand",
526,"Zydus Hospital, Anand",
527,"Zydus Hospital, Anand",
528,"Zydus Hospital, Anand",
529,"Zydus Hospital, Anand",
530,"Zydus Hospital, Anand",
531,"Zydus Hospital, Anand",
532,"Zydus Hospital, Anand",
533,"Zydus Hospital, Anand",
534,"Zydus Hospital, Anand",
535,"Zydus Hospital, Anand",
536,"Zydus Hospital, Anand",
537,"Zydus Hospital, Anand",
538,"Zydus Hospital, Anand",
539,"Zydus Hospital, Anand",
540,"Zydus Hospital, Anand",
541,"Zydus Hospital, Anand",
542,"Zydus Hospital, Anand",
543,"Zydus Hospital, Anand",
544,"Zydus Hospital, Anand",
545,"Zydus Hospital, Anand",
546,"Zydus Hospital, Anand",
547,"Zydus Hospital, Anand",
548,"Zydus Hospital, Anand",
549,"Zydus Hospital, Anand",
550,"Zydus Hospital, Anand",
551,"Zydus Hospital, Anand",
552,"Zydus Hospital, Anand","HOTEL'S NAME:
Neejanand Luxurious Resort & Spa
STAR RTAING:
4
HOTEL'S DISTANCE FROM HOSPITAL (IN KM):
8.0
ROOM COUNT:
100
PRICE RANGE (INR):
5000
PRICE RANGE (USD):
66
HOTELS LINK:
http://neejanand.com/"
553,"Zydus Hospital, Anand","HOTEL'S NAME:
Hotel Rama Residency
STAR RTAING:
2
HOTEL'S DISTANCE FROM HOSPITAL (IN KM):
3.0
ROOM COUNT:
30
PRICE RANGE (INR):
1500
PRICE RANGE (USD):
20
HOTELS LINK:
http://hotelramaresidency.com/"
554,"Zydus Hospital, Anand","SIGHT'S NAME:
Swaminarayan Mandir
SIGHTS' ADDRESS:
Goya Talav,
SIGHT DISTANCE FROM HOSPITAL (IN KM):
2.0
CONNECTIVITY:
Auto/ Local Bus
HOTELS LINK:
- Not Available -
TRAVEL AGENCY DETAILS
AGENCY NAME:
Ola Cabs
AGENCY WEBSITE:
olacabs.com
AGENCY CONTACT:
080-67350900"
555,"Zydus Hospital, Anand","MARKET NAME:
Craft Bazaar
MARKET IS KNOWN FOR:
Arts And Craft, Décor, Pendants, Hangings, Toys Etc
RESTURANTS IN MARKET PLACE:
South Indian, Gujarathi, North Indian
RELIGIOUS PLACES IN MARKET:
Iskcon Temple"
556,"Vijaya Group Of Hospitals, Chennai","APPOINTMENT LINK
http://www.vijayahospital.org/"
557,"Vijaya Group Of Hospitals, Chennai","INTERNATIONAL CUISINES
- Not Available -"
558,"Vijaya Group Of Hospitals, Chennai","INTERNATIONAL RECOGNITIONS
- Not Available -"
559,"Vijaya Group Of Hospitals, Chennai","ISO DETAILS
- Not Available -"
560,"Vijaya Group Of Hospitals, Chennai","LANGUAGES
* English
* Arabic"
561,"Vijaya Group Of Hospitals, Chennai","CERTIFICATES
* NABH
* ISO"
562,"Vijaya Group Of Hospitals, Chennai",
563,"Vijaya Group Of Hospitals, Chennai",
564,"Vijaya Group Of Hospitals, Chennai",
565,"Vijaya Group Of Hospitals, Chennai",
566,"Vijaya Group Of Hospitals, Chennai",
567,"Vijaya Group Of Hospitals, Chennai",
568,"Vijaya Group Of Hospitals, Chennai",
569,"Vijaya Group Of Hospitals, Chennai",
570,"Vijaya Group Of Hospitals, Chennai",
571,"Vijaya Group Of Hospitals, Chennai",
572,"Vijaya Group Of Hospitals, Chennai",
573,"Vijaya Group Of Hospitals, Chennai",
574,"Vijaya Group Of Hospitals, Chennai",
575,"Vijaya Group Of Hospitals, Chennai",
576,"Vijaya Group Of Hospitals, Chennai",
577,"Vijaya Group Of Hospitals, Chennai",
578,"Vijaya Group Of Hospitals, Chennai",
579,"Vijaya Group Of Hospitals, Chennai",
580,"Vijaya Group Of Hospitals, Chennai",
581,"Vijaya Group Of Hospitals, Chennai",
582,"Vijaya Group Of Hospitals, Chennai",
583,"Vijaya Group Of Hospitals, Chennai",
584,"Vijaya Group Of Hospitals, Chennai",
585,"Vijaya Group Of Hospitals, Chennai",
586,"Vijaya Group Of Hospitals, Chennai",
587,"Vijaya Group Of Hospitals, Chennai",
588,"Vijaya Group Of Hospitals, Chennai",
589,"Vijaya Group Of Hospitals, Chennai",
590,"Vijaya Group Of Hospitals, Chennai",
591,"Vijaya Group Of Hospitals, Chennai",
592,"Vijaya Group Of Hospitals, Chennai",
593,"Vijaya Group Of Hospitals, Chennai",
594,"Vijaya Group Of Hospitals, Chennai",
595,"Vijaya Group Of Hospitals, Chennai",
596,"Vijaya Group Of Hospitals, Chennai",
597,"Vijaya Group Of Hospitals, Chennai",
598,"Vijaya Group Of Hospitals, Chennai",
599,"Vijaya Group Of Hospitals, Chennai",
600,"Vijaya Group Of Hospitals, Chennai",
601,"Vijaya Group Of Hospitals, Chennai",
602,"Vijaya Group Of Hospitals, Chennai",
603,"Vijaya Group Of Hospitals, Chennai",
604,"Vijaya Group Of Hospitals, Chennai",
605,"Vijaya Group Of Hospitals, Chennai",
606,"Vijaya Group Of Hospitals, Chennai",
607,"Vijaya Group Of Hospitals, Chennai",
608,"Vijaya Group Of Hospitals, Chennai",
609,"Vijaya Group Of Hospitals, Chennai",
610,"Vijaya Group Of Hospitals, Chennai",
611,"Vijaya Group Of Hospitals, Chennai",
612,"Vijaya Group Of Hospitals, Chennai",
613,"Vijaya Group Of Hospitals, Chennai",
614,"Vijaya Group Of Hospitals, Chennai",
615,"Vijaya Group Of Hospitals, Chennai",
616,"Vijaya Group Of Hospitals, Chennai",
617,"Vijaya Group Of Hospitals, Chennai",
618,"Vijaya Group Of Hospitals, Chennai",
619,"Vijaya Group Of Hospitals, Chennai",
620,"Vijaya Group Of Hospitals, Chennai",
621,"Vijaya Group Of Hospitals, Chennai",
622,"Vijaya Group Of Hospitals, Chennai",
623,"Vijaya Group Of Hospitals, Chennai",
624,"Vijaya Group Of Hospitals, Chennai",
625,"Vijaya Group Of Hospitals, Chennai",
626,"Vijaya Group Of Hospitals, Chennai",
627,"Vijaya Group Of Hospitals, Chennai",
628,"Vijaya Group Of Hospitals, Chennai",
629,"Vijaya Group Of Hospitals, Chennai",
630,"Vijaya Group Of Hospitals, Chennai",
631,"Vijaya Group Of Hospitals, Chennai",
632,"Vijaya Group Of Hospitals, Chennai",
633,"Vijaya Group Of Hospitals, Chennai",
634,"Vijaya Group Of Hospitals, Chennai","HOTEL'S NAME:
Hilton Chennai
STAR RTAING:
4
HOTEL'S DISTANCE FROM HOSPITAL (IN KM):
5.0
ROOM COUNT:
204
PRICE RANGE (INR):
8500
PRICE RANGE (USD):
113
HOTELS LINK:
http://www3.hilton.com/en/hotels/india/hilton-chennai-maahihi/index.html"
635,"Vijaya Group Of Hospitals, Chennai","HOTEL'S NAME:
Sheraton Park Hotel And Towers
STAR RTAING:
5
HOTEL'S DISTANCE FROM HOSPITAL (IN KM):
6.0
ROOM COUNT:
287
PRICE RANGE (INR):
8000
PRICE RANGE (USD):
106
HOTELS LINK:
http://itchotels.in/hotels/sheratonpark.aspx"
636,"Vijaya Group Of Hospitals, Chennai","SIGHT'S NAME:
Guindy National Park
SIGHTS' ADDRESS:
Guindy
SIGHT DISTANCE FROM HOSPITAL (IN KM):
10.0
CONNECTIVITY:
Local Bus, City Bus, Taxi, Auto
HOTELS LINK:
- Not Available -
TRAVEL AGENCY DETAILS
AGENCY NAME:
Ola Cabs
AGENCY WEBSITE:
olacabs.com
AGENCY CONTACT:
080-67350900"
637,"Vijaya Group Of Hospitals, Chennai","MARKET NAME:
Express Avenue
MARKET IS KNOWN FOR:
Books / Stationery/ Toys / Games / Gifts / Electronics / Home & Lifestyle Footwear / Handbags / Jewellery / Watches / Lingerie / Luggage / Leather Products / Watches / Lingerie / Luggage / Optics And Sunglasses / Health & Beauty / Fitness / Cosmetics / P
RESTURANTS IN MARKET PLACE:
Vegetarian Fine Dining / Non-Vegetarian Fine Dining / Café / Cakes / Chocolates / Confectionery / Ice Cream / Fast Food Includes Oriental, North Indian, South Indian, And Italian
RELIGIOUS PLACES IN MARKET:
Temple – Jain Temple Kolavazihi Temple Church – Santhome Basilica"
638,"Valiyath Institute Of Medical Sciences, Kollam","APPOINTMENT LINK
- not available -"
639,"Valiyath Institute Of Medical Sciences, Kollam","INTERNATIONAL CUISINES
* Indian"
640,"Valiyath Institute Of Medical Sciences, Kollam","INTERNATIONAL RECOGNITIONS
- Not Available -"
641,"Valiyath Institute Of Medical Sciences, Kollam","ISO DETAILS
- Not Available -"
642,"Valiyath Institute Of Medical Sciences, Kollam","LANGUAGES
* English
* Arabic"
643,"Valiyath Institute Of Medical Sciences, Kollam","CERTIFICATES
* NABH
* ISO"
644,"Valiyath Institute Of Medical Sciences, Kollam","ROOMS
* Deluxe
* Suites
* Executive"
645,"Valiyath Institute Of Medical Sciences, Kollam",
646,"Valiyath Institute Of Medical Sciences, Kollam",
647,"Valiyath Institute Of Medical Sciences, Kollam",
648,"Valiyath Institute Of Medical Sciences, Kollam",
649,"Valiyath Institute Of Medical Sciences, Kollam",
650,"Valiyath Institute Of Medical Sciences, Kollam",
651,"Valiyath Institute Of Medical Sciences, Kollam",
652,"Valiyath Institute Of Medical Sciences, Kollam",
653,"Valiyath Institute Of Medical Sciences, Kollam",
654,"Valiyath Institute Of Medical Sciences, Kollam",
655,"Valiyath Institute Of Medical Sciences, Kollam",
656,"Valiyath Institute Of Medical Sciences, Kollam",
657,"Valiyath Institute Of Medical Sciences, Kollam",
658,"Valiyath Institute Of Medical Sciences, Kollam",
659,"Valiyath Institute Of Medical Sciences, Kollam",
660,"Valiyath Institute Of Medical Sciences, Kollam",
661,"Valiyath Institute Of Medical Sciences, Kollam",
662,"Valiyath Institute Of Medical Sciences, Kollam",
663,"Valiyath Institute Of Medical Sciences, Kollam",
664,"Valiyath Institute Of Medical Sciences, Kollam",
665,"Valiyath Institute Of Medical Sciences, Kollam",
666,"Valiyath Institute Of Medical Sciences, Kollam",
667,"Valiyath Institute Of Medical Sciences, Kollam",
668,"Valiyath Institute Of Medical Sciences, Kollam",
669,"Valiyath Institute Of Medical Sciences, Kollam",
670,"Valiyath Institute Of Medical Sciences, Kollam",
671,"Valiyath Institute Of Medical Sciences, Kollam",
672,"Valiyath Institute Of Medical Sciences, Kollam",
673,"Valiyath Institute Of Medical Sciences, Kollam",
674,"Valiyath Institute Of Medical Sciences, Kollam",
675,"Valiyath Institute Of Medical Sciences, Kollam",
676,"Valiyath Institute Of Medical Sciences, Kollam",
677,"Valiyath Institute Of Medical Sciences, Kollam",
678,"Valiyath Institute Of Medical Sciences, Kollam",
679,"Valiyath Institute Of Medical Sciences, Kollam",
680,"Valiyath Institute Of Medical Sciences, Kollam",
681,"Valiyath Institute Of Medical Sciences, Kollam",
682,"Valiyath Institute Of Medical Sciences, Kollam",
683,"Valiyath Institute Of Medical Sciences, Kollam",
684,"Valiyath Institute Of Medical Sciences, Kollam",
685,"Valiyath Institute Of Medical Sciences, Kollam",
686,"Valiyath Institute Of Medical Sciences, Kollam",
687,"Valiyath Institute Of Medical Sciences, Kollam",
688,"Valiyath Institute Of Medical Sciences, Kollam",
689,"Valiyath Institute Of Medical Sciences, Kollam",
690,"Valiyath Institute Of Medical Sciences, Kollam",
691,"Valiyath Institute Of Medical Sciences, Kollam",
692,"Valiyath Institute Of Medical Sciences, Kollam",
693,"Valiyath Institute Of Medical Sciences, Kollam",
694,"Valiyath Institute Of Medical Sciences, Kollam",
695,"Valiyath Institute Of Medical Sciences, Kollam",
696,"Valiyath Institute Of Medical Sciences, Kollam",
697,"Valiyath Institute Of Medical Sciences, Kollam",
698,"Valiyath Institute Of Medical Sciences, Kollam",
699,"Valiyath Institute Of Medical Sciences, Kollam",
700,"Valiyath Institute Of Medical Sciences, Kollam",
701,"Valiyath Institute Of Medical Sciences, Kollam",
702,"Valiyath Institute Of Medical Sciences, Kollam",
703,"Valiyath Institute Of Medical Sciences, Kollam",
704,"Valiyath Institute Of Medical Sciences, Kollam",
705,"Valiyath Institute Of Medical Sciences, Kollam",
706,"Valiyath Institute Of Medical Sciences, Kollam",
707,"Valiyath Institute Of Medical Sciences, Kollam",
708,"Valiyath Institute Of Medical Sciences, Kollam",
709,"Valiyath Institute Of Medical Sciences, Kollam",
710,"Valiyath Institute Of Medical Sciences, Kollam",
711,"Valiyath Institute Of Medical Sciences, Kollam",
712,"Valiyath Institute Of Medical Sciences, Kollam",
713,"Valiyath Institute Of Medical Sciences, Kollam","HOTEL'S NAME:
Hotel Comfort Regency
STAR RTAING:
2
HOTEL'S DISTANCE FROM HOSPITAL (IN KM):
1.0
ROOM COUNT:
35
PRICE RANGE (INR):
1500
PRICE RANGE (USD):
20
HOTELS LINK:
http://hotelcomfortregency.com/"
714,"Valiyath Institute Of Medical Sciences, Kollam","HOTEL'S NAME:
Hotel Grande Muscat
STAR RTAING:
2
HOTEL'S DISTANCE FROM HOSPITAL (IN KM):
1.0
ROOM COUNT:
43
PRICE RANGE (INR):
1500
PRICE RANGE (USD):
20
HOTELS LINK:
http://grandemuscat.com/"
715,"Valiyath Institute Of Medical Sciences, Kollam","SIGHT'S NAME:
Thangassery Light House
SIGHTS' ADDRESS:
Kollam
SIGHT DISTANCE FROM HOSPITAL (IN KM):
22.0
CONNECTIVITY:
KSRTC, Local Bus, Auto
HOTELS LINK:
- Not Available -
TRAVEL AGENCY DETAILS
AGENCY NAME:
Ola Cabs
AGENCY WEBSITE:
olacabs.com
AGENCY CONTACT:
080-67350900"
716,"Valiyath Institute Of Medical Sciences, Kollam","MARKET NAME:
Chalai Bazaar
MARKET IS KNOWN FOR:
Fruits, Jewellery, Hardware, Painting, Clothing, Accessories
RESTURANTS IN MARKET PLACE:
Sea Food, Indian, Street Food
RELIGIOUS PLACES IN MARKET:
Puthiyakave Temple"
717,"The Madras Medical Mission, Chennai","APPOINTMENT LINK
- not available -"
718,"The Madras Medical Mission, Chennai","INTERNATIONAL CUISINES
- Not Available -"
719,"The Madras Medical Mission, Chennai","INTERNATIONAL RECOGNITIONS
- Not Available -"
720,"The Madras Medical Mission, Chennai","ISO DETAILS
- Not Available -"
721,"The Madras Medical Mission, Chennai","LANGUAGES
* English
* Arabic"
722,"The Madras Medical Mission, Chennai","CERTIFICATES
* NABH
* ISO"
723,"The Madras Medical Mission, Chennai","ROOMS
* Deluxe
* Suites
* Special Rooms
* Twin Sharing
* Single Room"
724,"The Madras Medical Mission, Chennai",
725,"The Madras Medical Mission, Chennai",
726,"The Madras Medical Mission, Chennai",
727,"The Madras Medical Mission, Chennai",
728,"The Madras Medical Mission, Chennai",
729,"The Madras Medical Mission, Chennai",
730,"The Madras Medical Mission, Chennai",
731,"The Madras Medical Mission, Chennai",
732,"The Madras Medical Mission, Chennai",
733,"The Madras Medical Mission, Chennai",
734,"The Madras Medical Mission, Chennai",
735,"The Madras Medical Mission, Chennai",
736,"The Madras Medical Mission, Chennai",
737,"The Madras Medical Mission, Chennai",
738,"The Madras Medical Mission, Chennai",
739,"The Madras Medical Mission, Chennai",
740,"The Madras Medical Mission, Chennai",
741,"The Madras Medical Mission, Chennai",
742,"The Madras Medical Mission, Chennai",
743,"The Madras Medical Mission, Chennai",
744,"The Madras Medical Mission, Chennai",
745,"The Madras Medical Mission, Chennai",
746,"The Madras Medical Mission, Chennai",
747,"The Madras Medical Mission, Chennai",
748,"The Madras Medical Mission, Chennai",
749,"The Madras Medical Mission, Chennai",
750,"The Madras Medical Mission, Chennai",
751,"The Madras Medical Mission, Chennai",
752,"The Madras Medical Mission, Chennai",
753,"The Madras Medical Mission, Chennai",
754,"The Madras Medical Mission, Chennai",
755,"The Madras Medical Mission, Chennai",
756,"The Madras Medical Mission, Chennai",
757,"The Madras Medical Mission, Chennai",
758,"The Madras Medical Mission, Chennai",
759,"The Madras Medical Mission, Chennai",
760,"The Madras Medical Mission, Chennai",
761,"The Madras Medical Mission, Chennai",
762,"The Madras Medical Mission, Chennai",
763,"The Madras Medical Mission, Chennai",
764,"The Madras Medical Mission, Chennai",
765,"The Madras Medical Mission, Chennai",
766,"The Madras Medical Mission, Chennai",
767,"The Madras Medical Mission, Chennai",
768,"The Madras Medical Mission, Chennai",
769,"The Madras Medical Mission, Chennai",
770,"The Madras Medical Mission, Chennai",
771,"The Madras Medical Mission, Chennai",
772,"The Madras Medical Mission, Chennai",
773,"The Madras Medical Mission, Chennai",
774,"The Madras Medical Mission, Chennai",
775,"The Madras Medical Mission, Chennai",
776,"The Madras Medical Mission, Chennai",
777,"The Madras Medical Mission, Chennai","HOTEL'S NAME:
Hotel Chennai Deluxe
STAR RTAING:
2
HOTEL'S DISTANCE FROM HOSPITAL (IN KM):
4.0
ROOM COUNT:
42
PRICE RANGE (INR):
2500
PRICE RANGE (USD):
33
HOTELS LINK:
http://hotelchennaideluxe.com/aboutus.htm"
778,"The Madras Medical Mission, Chennai","HOTEL'S NAME:
Hotel Radha Regent Chennai
STAR RTAING:
4
HOTEL'S DISTANCE FROM HOSPITAL (IN KM):
5.0
ROOM COUNT:
91
PRICE RANGE (INR):
3500
PRICE RANGE (USD):
46
HOTELS LINK:
http://radhahotels.com/radha-regent-chennai/"
779,"The Madras Medical Mission, Chennai","SIGHT'S NAME:
Government Museum
SIGHTS' ADDRESS:
Pantheon Road
SIGHT DISTANCE FROM HOSPITAL (IN KM):
11.0
CONNECTIVITY:
Local Bus, City Bus, Taxi, Auto
HOTELS LINK:
- Not Available -
TRAVEL AGENCY DETAILS
AGENCY NAME:
Ola Cabs
AGENCY WEBSITE:
olacabs.com
AGENCY CONTACT:
080-67350900"
780,"The Madras Medical Mission, Chennai","MARKET NAME:
Express Avenue
MARKET IS KNOWN FOR:
Books / Stationery/ Toys / Games / Gifts / Electronics / Home & Lifestyle Footwear / Handbags / Jewellery / Watches / Lingerie / Luggage / Leather Products / Watches / Lingerie / Luggage / Optics And Sunglasses / Health & Beauty / Fitness / Cosmetics / P
RESTURANTS IN MARKET PLACE:
Vegetarian Fine Dining / Non-Vegetarian Fine Dining / Café / Cakes / Chocolates / Confectionery / Ice Cream / Fast Food Includes Oriental, North Indian, South Indian, And Italian
RELIGIOUS PLACES IN MARKET:
Temple – Jain Temple Kolavazihi Temple Church – Santhome Basilica"
781,"Sri Ramachandra Medical Centre, Chennai","APPOINTMENT LINK
- not available -"
782,"Sri Ramachandra Medical Centre, Chennai","INTERNATIONAL CUISINES
* Indian"
783,"Sri Ramachandra Medical Centre, Chennai","INTERNATIONAL RECOGNITIONS
- Not Available -"
784,"Sri Ramachandra Medical Centre, Chennai","ISO DETAILS
- Not Available -"
785,"Sri Ramachandra Medical Centre, Chennai","LANGUAGES
* Arabic"
786,"Sri Ramachandra Medical Centre, Chennai","CERTIFICATES
* JCI
* NABH
* ISO"
787,"Sri Ramachandra Medical Centre, Chennai",
788,"Sri Ramachandra Medical Centre, Chennai",
789,"Sri Ramachandra Medical Centre, Chennai",
790,"Sri Ramachandra Medical Centre, Chennai",
791,"Sri Ramachandra Medical Centre, Chennai",
792,"Sri Ramachandra Medical Centre, Chennai",
793,"Sri Ramachandra Medical Centre, Chennai",
794,"Sri Ramachandra Medical Centre, Chennai",
795,"Sri Ramachandra Medical Centre, Chennai",
796,"Sri Ramachandra Medical Centre, Chennai",
797,"Sri Ramachandra Medical Centre, Chennai",
798,"Sri Ramachandra Medical Centre, Chennai",
799,"Sri Ramachandra Medical Centre, Chennai",
800,"Sri Ramachandra Medical Centre, Chennai",
801,"Sri Ramachandra Medical Centre, Chennai",
802,"Sri Ramachandra Medical Centre, Chennai",
803,"Sri Ramachandra Medical Centre, Chennai",
804,"Sri Ramachandra Medical Centre, Chennai",
805,"Sri Ramachandra Medical Centre, Chennai",
806,"Sri Ramachandra Medical Centre, Chennai",
807,"Sri Ramachandra Medical Centre, Chennai",
808,"Sri Ramachandra Medical Centre, Chennai",
809,"Sri Ramachandra Medical Centre, Chennai",
810,"Sri Ramachandra Medical Centre, Chennai",
811,"Sri Ramachandra Medical Centre, Chennai",
812,"Sri Ramachandra Medical Centre, Chennai",
813,"Sri Ramachandra Medical Centre, Chennai",
814,"Sri Ramachandra Medical Centre, Chennai",
815,"Sri Ramachandra Medical Centre, Chennai",
816,"Sri Ramachandra Medical Centre, Chennai",
817,"Sri Ramachandra Medical Centre, Chennai",
818,"Sri Ramachandra Medical Centre, Chennai",
819,"Sri Ramachandra Medical Centre, Chennai",
820,"Sri Ramachandra Medical Centre, Chennai",
821,"Sri Ramachandra Medical Centre, Chennai",
822,"Sri Ramachandra Medical Centre, Chennai",
823,"Sri Ramachandra Medical Centre, Chennai",
824,"Sri Ramachandra Medical Centre, Chennai",
825,"Sri Ramachandra Medical Centre, Chennai",
826,"Sri Ramachandra Medical Centre, Chennai",
827,"Sri Ramachandra Medical Centre, Chennai",
828,"Sri Ramachandra Medical Centre, Chennai",
829,"Sri Ramachandra Medical Centre, Chennai",
830,"Sri Ramachandra Medical Centre, Chennai",
831,"Sri Ramachandra Medical Centre, Chennai",
832,"Sri Ramachandra Medical Centre, Chennai",
833,"Sri Ramachandra Medical Centre, Chennai",
834,"Sri Ramachandra Medical Centre, Chennai",
835,"Sri Ramachandra Medical Centre, Chennai",
836,"Sri Ramachandra Medical Centre, Chennai",
837,"Sri Ramachandra Medical Centre, Chennai",
838,"Sri Ramachandra Medical Centre, Chennai",
839,"Sri Ramachandra Medical Centre, Chennai",
840,"Sri Ramachandra Medical Centre, Chennai",
841,"Sri Ramachandra Medical Centre, Chennai",
842,"Sri Ramachandra Medical Centre, Chennai",
843,"Sri Ramachandra Medical Centre, Chennai",
844,"Sri Ramachandra Medical Centre, Chennai",
845,"Sri Ramachandra Medical Centre, Chennai",
846,"Sri Ramachandra Medical Centre, Chennai",
847,"Sri Ramachandra Medical Centre, Chennai",
848,"Sri Ramachandra Medical Centre, Chennai",
849,"Sri Ramachandra Medical Centre, Chennai",
850,"Sri Ramachandra Medical Centre, Chennai",
851,"Sri Ramachandra Medical Centre, Chennai",
852,"Sri Ramachandra Medical Centre, Chennai",
853,"Sri Ramachandra Medical Centre, Chennai",
854,"Sri Ramachandra Medical Centre, Chennai",
855,"Sri Ramachandra Medical Centre, Chennai",
856,"Sri Ramachandra Medical Centre, Chennai",
857,"Sri Ramachandra Medical Centre, Chennai",
858,"Sri Ramachandra Medical Centre, Chennai",
859,"Sri Ramachandra Medical Centre, Chennai",
860,"Sri Ramachandra Medical Centre, Chennai",
861,"Sri Ramachandra Medical Centre, Chennai",
862,"Sri Ramachandra Medical Centre, Chennai",
863,"Sri Ramachandra Medical Centre, Chennai",
864,"Sri Ramachandra Medical Centre, Chennai",
865,"Sri Ramachandra Medical Centre, Chennai",
866,"Sri Ramachandra Medical Centre, Chennai",
867,"Sri Ramachandra Medical Centre, Chennai",
868,"Sri Ramachandra Medical Centre, Chennai",
869,"Sri Ramachandra Medical Centre, Chennai","HOTEL'S NAME:
Le Royal Meridien Chennai
STAR RTAING:
5
HOTEL'S DISTANCE FROM HOSPITAL (IN KM):
9.0
ROOM COUNT:
106
PRICE RANGE (INR):
7500
PRICE RANGE (USD):
100
HOTELS LINK:
http://leroyalmeridien-chennai.com"
870,"Sri Ramachandra Medical Centre, Chennai","HOTEL'S NAME:
My Fortune
STAR RTAING:
5
HOTEL'S DISTANCE FROM HOSPITAL (IN KM):
18.0
ROOM COUNT:
90
PRICE RANGE (INR):
6000
PRICE RANGE (USD):
79
HOTELS LINK:
http://fortunehotels.in"
871,"Sri Ramachandra Medical Centre, Chennai","SIGHT'S NAME:
Marina Beach
SIGHTS' ADDRESS:
Chennai
SIGHT DISTANCE FROM HOSPITAL (IN KM):
20.0
CONNECTIVITY:
Tourist Buses, Local Bus, City Bus, Taxi, Auto
HOTELS LINK:
- Not Available -
TRAVEL AGENCY DETAILS
AGENCY NAME:
Ola Cabs
AGENCY WEBSITE:
olacabs.com
AGENCY CONTACT:
080-67350900"
872,"Sri Ramachandra Medical Centre, Chennai","MARKET NAME:
Citi Center
MARKET IS KNOWN FOR:
Domestic & International Brands, Designer Boutiques, Restaurants & Jewelry Shops
RESTURANTS IN MARKET PLACE:
Indian, European, Chinese, Continental, Beverages, Fast Food, Café, Pubs
RELIGIOUS PLACES IN MARKET:
Temple – Virubakshiswarar Temple Maleeswarar Temple Church – Holy Rosary Church"
