,Photo,Name,Speciality,Address,Contacts,Page Link,Raitngs,Votes
0,https://content.jdmagicbox.com/comp/def_content/hospitals/default-hospitals-18.jpg?clr=#143d52?fit=around%7C270%3A130&crop=270%3A130%3B%2A%2C%2A,Nirmal Hospital Pvt Ltd,Multispeciality Hospitals in Surat,"Civil Cross Road, .. |",08045795165,https://www.justdial.com/Surat/Nirmal-Hospital-Pvt-Ltd-Sagrampura/0261PX261-X261-210326115717-M9B9_BZDET?xid=U3VyYXQgTXVsdGlzcGVjaWFsaXR5IEhvc3BpdGFscw==,4.2,NaN
1,https://content.jdmagicbox.com/comp/surat/y6/0261px261.x261.190213231728.s5y6/catalogue/sanskruti-prasutigruh-and-surgical-hospital-katargam-surat-hospitals-hz1fg7nscp.jpg?clr=#444422?fit=around%7C270%3A130&crop=270%3A130%3B%2A%2C%2A,Sanskruti Prasutigruh & Sur..,Multispeciality Hospitals,"Singanpor Road, Ka.. |",+(91)-9909789444,https://www.justdial.com/Surat/Sanskruti-Prasutigruh-Surgical-Hospital-Katargam/0261PX261-X261-190213231728-S5Y6_BZDET?xid=U3VyYXQgTXVsdGlzcGVjaWFsaXR5IEhvc3BpdGFscw==,5.0,1000 Votes
2,https://content.jdmagicbox.com/comp/surat/e8/0261px261.x261.181214194610.l5e8/catalogue/ratandeep-cancer-centre-and-multi-speciality-hospital-surat-joutd6zblf.jpg?clr=#392d2d?fit=around%7C270%3A130&crop=270%3A130%3B%2A%2C%2A,Ratandeep - Cancer Centre a..,Hospitals near me,"Citylight Road, Ne.. |",07947077139,https://www.justdial.com/Surat/Ratandeep-Cancer-Centre-and-Multi-Speciality-Hospital-Opposite-Spring-Valley-Apartments-New-City-Light/0261PX261-X261-181214194610-L5E8_BZDET?xid=U3VyYXQgTXVsdGlzcGVjaWFsaXR5IEhvc3BpdGFscw==,4.4,NaN
3,https://content.jdmagicbox.com/comp/surat/dc/0261px261.x261.090613093539.q8n6dc/catalogue/asutosh-multispeciality-hospital-majura-gate-surat-hospitals-8fqv5.jpg?clr=#1d492c?fit=around%7C270%3A130&crop=270%3A130%3B%2A%2C%2A,Asutosh Multispeciality Hos..,Private Hospitals near me,"Kshetrapal Road, M.. |",07947255775,https://www.justdial.com/Surat/Asutosh-Multispeciality-Hospital-Kailash-Nagar-Beside-Kshetrapal-Temple-Majura-Gate/0261PX261-X261-090613093539-Q8N6DC_BZDET?xid=U3VyYXQgTXVsdGlzcGVjaWFsaXR5IEhvc3BpdGFscw==,4.3,46 Votes
4,https://content.jdmagicbox.com/comp/surat/y9/0261px261.x261.131224111304.z3y9/catalogue/skinwise-skin-and-hair-transplant-clinic-adajan-dn-surat-hair-loss-doctors-tm3sxsq7tv.jpg?clr=#2e382e?fit=around%7C270%3A130&crop=270%3A130%3B%2A%2C%2A,Skinwise Skin clinic And Me..,Eye Hospitals near me,"Hazira Road, Adaja.. |",+(91)-0261-2782492,https://www.justdial.com/Surat/Skinwise-Skin-clinic-And-Mediwise-Hospital-Icu-Opposit-Bhulaka-Bhawan-School-Adajan-Dn/0261PX261-X261-131224111304-Z3Y9_BZDET?xid=U3VyYXQgTXVsdGlzcGVjaWFsaXR5IEhvc3BpdGFscw==,4.8,NaN
5,https://content.jdmagicbox.com/comp/surat/48/0261p261std2148/catalogue/harsh-hospital-and-maternity-home-adajan-road-surat-hospitals-61qke7ejkg.jpg?fit=around%7C270%3A130&crop=270%3A130%3B%2A%2C%2A,Harsh Hospital & Maternity ..,Children Hospitals near me,Gujarat Gas Circle.. |,07947446035,https://www.justdial.com/Surat/Harsh-Hospital-Maternity-Home-Near-Sanghvi-Tower-Gujarat-Gas-Circle-Adajan-Road/0261P261STD2148_BZDET?xid=U3VyYXQgTXVsdGlzcGVjaWFsaXR5IEhvc3BpdGFscw==,4.9,81 Votes
6,https://content.jdmagicbox.com/comp/surat/j3/0261px261.x261.191022193110.s7j3/catalogue/heritage-hospital-surat-8i9zq6gdg6.jpg?clr=#3d471f?fit=around%7C270%3A130&crop=270%3A130%3B%2A%2C%2A,Heritage Hospital,Charitable Hospitals near me,"Bank Of Baroda, Ba.. |",07947081431,https://www.justdial.com/Surat/Heritage-Hospital-Above-Bank-Of-Baroda-Bamroli-Road/0261PX261-X261-191022193110-S7J3_BZDET?xid=U3VyYXQgTXVsdGlzcGVjaWFsaXR5IEhvc3BpdGFscw==,4.8,NaN
7,https://content.jdmagicbox.com/comp/surat/v6/0261px261.x261.170501133132.f7v6/catalogue/unity-hospital-parvat-patia-surat-neurologists-jopxmt.jpg?clr=#464620?fit=around%7C270%3A130&crop=270%3A130%3B%2A%2C%2A,Unity Hospital,Shalby Hospitals near me,"Aai Mata Road, Par.. |",08045786199,https://www.justdial.com/Surat/Unity-Hospital-Near-D-R-World-Parvat-Patia/0261PX261-X261-170501133132-F7V6_BZDET?xid=U3VyYXQgTXVsdGlzcGVjaWFsaXR5IEhvc3BpdGFscw==,4.0,536 Votes
8,https://content.jdmagicbox.com/comp/surat/f5/0261px261.x261.200817001019.w3f5/catalogue/dr-kashyap-ramoliya-hira-baug-surat-orthopaedic-doctors-0pwqbhnbo3.jpg?clr=#1b2b4b?fit=around%7C270%3A130&crop=270%3A130%3B%2A%2C%2A,Dr. Kashyap Ramoliya,Maternity Hospitals near me,"Sargam Complex, Hi.. |",+(91)-9099047648,https://www.justdial.com/Surat/Dr-Kashyap-Ramoliya-Hira-Baug/0261PX261-X261-200817001019-W3F5_BZDET?xid=U3VyYXQgTXVsdGlzcGVjaWFsaXR5IEhvc3BpdGFscw==,5.0,NaN
9,https://content.jdmagicbox.com/comp/surat/15/0261p261std2010215/catalogue/shree-prannath-multispeciality-hospital-ved-road-surat-hospitals-4lavuqg.jpg?clr=#3d2929?fit=around%7C270%3A130&crop=270%3A130%3B%2A%2C%2A,Shree Prannath Multispecial..,Veterinary Hospitals near me,"Prannath Marg, Ved.. |",07947254572,https://www.justdial.com/Surat/Shree-Prannath-Multispeciality-Hospital-Opposite-Nani-Bahuchraji-Mandir-Ved-Road/0261P261STD2010215_BZDET?xid=U3VyYXQgTXVsdGlzcGVjaWFsaXR5IEhvc3BpdGFscw==,4.1,8 Votes
10,https://content.jdmagicbox.com/comp/surat/m6/0261px261.x261.130807101148.n9m6/catalogue/sanjeevani-multi-speciality-hospital-vesu-surat-hospitals-dhqv7g6cfv.jpg?clr=#2b2b3b?fit=around%7C270%3A130&crop=270%3A130%3B%2A%2C%2A,Sanjeevani Multi Speciality..,Public Hospitals near me,"University Road, V.. |",07947254889,https://www.justdial.com/Surat/Sanjeevani-Multi-Speciality-Hospital-Opposite-S-D-Jain-School-Vesu/0261PX261-X261-130807101148-N9M6_BZDET?xid=U3VyYXQgTXVsdGlzcGVjaWFsaXR5IEhvc3BpdGFscw==,4.5,NaN
11,https://content.jdmagicbox.com/comp/surat/k6/0261px261.x261.140410075607.y4k6/catalogue/malavia-hospital-adajan-dn-surat-hospitals-ggljw.jpg?clr=#47291f?fit=around%7C270%3A130&crop=270%3A130%3B%2A%2C%2A,Malavia Hospital,Coronavirus Treatment Hospitals near me,"Anand Mahal Road, .. |",07947332895,https://www.justdial.com/Surat/Malavia-Hospital-Opposite-Prime-Arcade-Adajan-Dn/0261PX261-X261-140410075607-Y4K6_BZDET?xid=U3VyYXQgTXVsdGlzcGVjaWFsaXR5IEhvc3BpdGFscw==,4.2,208 Votes
12,https://content.jdmagicbox.com/comp/surat/x1/0261px261.x261.210615135218.q2x1/catalogue/deep-children-hospital-katargam-singanpore-road-katargram-surat-children-hospitals-0u8w1k2vy7.jpg?clr=#006666?fit=around%7C270%3A130&crop=270%3A130%3B%2A%2C%2A,Deep Children Hospital,NaN,Katargam Singanpor.. |,07947247649,https://www.justdial.com/Surat/Deep-Children-Hospital-Near-Rajdeep-Society-Katargam-Singanpore-Road-Katargram/0261PX261-X261-210615135218-Q2X1_BZDET?xid=U3VyYXQgTXVsdGlzcGVjaWFsaXR5IEhvc3BpdGFscw==,4.5,NaN
13,https://content.jdmagicbox.com/comp/surat/x4/0261px261.x261.181115190511.e6x4/catalogue/apex-hospital-and-icu-pal-bhatha-surat-hospitals-zulo5so6xv.jpg?clr=#203346?fit=around%7C270%3A130&crop=270%3A130%3B%2A%2C%2A,Apex Hospital & ICU,NaN,New Gaurav Path Ro.. |,07947079718,https://www.justdial.com/Surat/Apex-Hospital-ICU-Near-Raj-Corner-Pal-Bhatha/0261PX261-X261-181115190511-E6X4_BZDET?xid=U3VyYXQgTXVsdGlzcGVjaWFsaXR5IEhvc3BpdGFscw==,4.6,41 Votes
14,https://content.jdmagicbox.com/comp/surat/b5/0261px261.x261.170107132333.r6b5/catalogue/city-life-care-multispeciality-hospital-kamrej-char-rasta-surat-hospitals-j2lwew.jpg?clr=#123e54?fit=around%7C270%3A130&crop=270%3A130%3B%2A%2C%2A,City Life Care Multispecial..,NaN,"Kamrej Road, Kamre.. |",07947255441,https://www.justdial.com/Surat/City-Life-Care-Multispeciality-Hospital-Kamrej-Char-Rasta/0261PX261-X261-170107132333-R6B5_BZDET?xid=U3VyYXQgTXVsdGlzcGVjaWFsaXR5IEhvc3BpdGFscw==,4.9,NaN
15,https://content.jdmagicbox.com/comp/surat/f2/0261px261.x261.190204182851.c8f2/catalogue/golden-care-multispeciality-hospital-city-light-town-surat-polyclinics-fbuu0sobwa.jpg?clr=#521414?fit=around%7C270%3A130&crop=270%3A130%3B%2A%2C%2A,Golden Care Multispeciality..,NaN,"Citylight Road, Ci.. |",07947082177,https://www.justdial.com/Surat/Golden-Care-Multispeciality-Hospital-Opposite-Science-Center-City-Light-Town/0261PX261-X261-190204182851-C8F2_BZDET?xid=U3VyYXQgTXVsdGlzcGVjaWFsaXR5IEhvc3BpdGFscw==,4.9,130 Votes
16,https://content.jdmagicbox.com/comp/surat/w9/0261px261.x261.210208130542.z3w9/catalogue/shree-prannath-multispeciality-hospital-amroli-surat-orthopaedic-doctors-8fs11hgi7h.jpg?clr=#254141?fit=around%7C270%3A130&crop=270%3A130%3B%2A%2C%2A,Shree Prannath Multispecial..,NaN,Amroli Chhapar Bha.. |,07947290314,https://www.justdial.com/Surat/Shree-Prannath-Multispeciality-Hospital-Amroli/0261PX261-X261-210208130542-Z3W9_BZDET?xid=U3VyYXQgTXVsdGlzcGVjaWFsaXR5IEhvc3BpdGFscw==,5.0,NaN
17,https://content.jdmagicbox.com/comp/surat/y6/0261px261.x261.210716170233.y1y6/catalogue/shri-vikalp-hospital-surat-hospitals-tspf6tdsmr.jpg?clr=#333333?fit=around%7C270%3A130&crop=270%3A130%3B%2A%2C%2A,Shri Vikalp Hospital,NaN,Ugat Canal Road-Ja.. |,07947266139,https://www.justdial.com/Surat/Shri-Vikalp-Hospital-Opposite-Radiant-English-School-Ugat-Canal-Road-Jahangirpura/0261PX261-X261-210716170233-Y1Y6_BZDET?xid=U3VyYXQgTXVsdGlzcGVjaWFsaXR5IEhvc3BpdGFscw==,5.0,109 Votes
18,https://content.jdmagicbox.com/comp/def_content/blood-testing-centres/ou3dqtaqml-blood-testing-centres-10-cq540.jpg?clr=#273f27?fit=around%7C270%3A130&crop=270%3A130%3B%2A%2C%2A,Velocity Multispeciality Ho..,NaN,"Lp Savani Road, Ad.. |",07947291432,https://www.justdial.com/Surat/Velocity-Multispeciality-Hospital-Near-Madhuvan-Circle-Adajan-Dn/0261PX261-X261-210527111125-Z5X3_BZDET?xid=U3VyYXQgTXVsdGlzcGVjaWFsaXR5IEhvc3BpdGFscw==,5.0,NaN
19,https://content.jdmagicbox.com/comp/surat/u5/0261px261.x261.210729192424.h4u5/catalogue/-caaw62ad6c.jpg?clr=#4d331a?fit=around%7C270%3A130&crop=270%3A130%3B%2A%2C%2A,Monarch Multi-Speciality Ho..,NaN,Pal Gam Road-Palan.. |,07947060598,https://www.justdial.com/Surat/Monarch-Multi-Speciality-Hospital-Pal-Gam-Road-Palanpur-Patia/0261PX261-X261-210729192424-H4U5_BZDET?xid=U3VyYXQgTXVsdGlzcGVjaWFsaXR5IEhvc3BpdGFscw==,5.0,262 Votes
20,https://content.jdmagicbox.com/comp/def_content/hospitals/default-hospitals-18.jpg?clr=#143d52?fit=around%7C270%3A130&crop=270%3A130%3B%2A%2C%2A,Nirmal Hospital Pvt Ltd,Multispeciality Hospitals in Surat,"Civil Cross Road, .. |",08045795165,https://www.justdial.com/Surat/Nirmal-Hospital-Pvt-Ltd-Sagrampura/0261PX261-X261-210326115717-M9B9_BZDET?xid=U3VyYXQgTXVsdGlzcGVjaWFsaXR5IEhvc3BpdGFscw==,4.2,NaN
21,https://content.jdmagicbox.com/comp/surat/y6/0261px261.x261.190213231728.s5y6/catalogue/sanskruti-prasutigruh-and-surgical-hospital-katargam-surat-hospitals-hz1fg7nscp.jpg?clr=#444422?fit=around%7C270%3A130&crop=270%3A130%3B%2A%2C%2A,Sanskruti Prasutigruh & Sur..,Multispeciality Hospitals,"Singanpor Road, Ka.. |",+(91)-9909789444,https://www.justdial.com/Surat/Sanskruti-Prasutigruh-Surgical-Hospital-Katargam/0261PX261-X261-190213231728-S5Y6_BZDET?xid=U3VyYXQgTXVsdGlzcGVjaWFsaXR5IEhvc3BpdGFscw==,5.0,1000 Votes
22,https://content.jdmagicbox.com/comp/surat/e8/0261px261.x261.181214194610.l5e8/catalogue/ratandeep-cancer-centre-and-multi-speciality-hospital-surat-joutd6zblf.jpg?clr=#392d2d?fit=around%7C270%3A130&crop=270%3A130%3B%2A%2C%2A,Ratandeep - Cancer Centre a..,Hospitals near me,"Citylight Road, Ne.. |",07947077139,https://www.justdial.com/Surat/Ratandeep-Cancer-Centre-and-Multi-Speciality-Hospital-Opposite-Spring-Valley-Apartments-New-City-Light/0261PX261-X261-181214194610-L5E8_BZDET?xid=U3VyYXQgTXVsdGlzcGVjaWFsaXR5IEhvc3BpdGFscw==,4.4,NaN
23,https://content.jdmagicbox.com/comp/surat/dc/0261px261.x261.090613093539.q8n6dc/catalogue/asutosh-multispeciality-hospital-majura-gate-surat-hospitals-8fqv5.jpg?clr=#1d492c?fit=around%7C270%3A130&crop=270%3A130%3B%2A%2C%2A,Asutosh Multispeciality Hos..,Private Hospitals near me,"Kshetrapal Road, M.. |",07947255775,https://www.justdial.com/Surat/Asutosh-Multispeciality-Hospital-Kailash-Nagar-Beside-Kshetrapal-Temple-Majura-Gate/0261PX261-X261-090613093539-Q8N6DC_BZDET?xid=U3VyYXQgTXVsdGlzcGVjaWFsaXR5IEhvc3BpdGFscw==,4.3,46 Votes
24,https://content.jdmagicbox.com/comp/surat/y9/0261px261.x261.131224111304.z3y9/catalogue/skinwise-skin-and-hair-transplant-clinic-adajan-dn-surat-hair-loss-doctors-tm3sxsq7tv.jpg?clr=#2e382e?fit=around%7C270%3A130&crop=270%3A130%3B%2A%2C%2A,Skinwise Skin clinic And Me..,Eye Hospitals near me,"Hazira Road, Adaja.. |",+(91)-0261-2782492,https://www.justdial.com/Surat/Skinwise-Skin-clinic-And-Mediwise-Hospital-Icu-Opposit-Bhulaka-Bhawan-School-Adajan-Dn/0261PX261-X261-131224111304-Z3Y9_BZDET?xid=U3VyYXQgTXVsdGlzcGVjaWFsaXR5IEhvc3BpdGFscw==,4.8,NaN
25,https://content.jdmagicbox.com/comp/surat/48/0261p261std2148/catalogue/harsh-hospital-and-maternity-home-adajan-road-surat-hospitals-61qke7ejkg.jpg?fit=around%7C270%3A130&crop=270%3A130%3B%2A%2C%2A,Harsh Hospital & Maternity ..,Children Hospitals near me,Gujarat Gas Circle.. |,07947446035,https://www.justdial.com/Surat/Harsh-Hospital-Maternity-Home-Near-Sanghvi-Tower-Gujarat-Gas-Circle-Adajan-Road/0261P261STD2148_BZDET?xid=U3VyYXQgTXVsdGlzcGVjaWFsaXR5IEhvc3BpdGFscw==,4.9,81 Votes
26,https://content.jdmagicbox.com/comp/surat/j3/0261px261.x261.191022193110.s7j3/catalogue/heritage-hospital-surat-8i9zq6gdg6.jpg?clr=#3d471f?fit=around%7C270%3A130&crop=270%3A130%3B%2A%2C%2A,Heritage Hospital,Charitable Hospitals near me,"Bank Of Baroda, Ba.. |",07947081431,https://www.justdial.com/Surat/Heritage-Hospital-Above-Bank-Of-Baroda-Bamroli-Road/0261PX261-X261-191022193110-S7J3_BZDET?xid=U3VyYXQgTXVsdGlzcGVjaWFsaXR5IEhvc3BpdGFscw==,4.8,NaN
27,https://content.jdmagicbox.com/comp/surat/v6/0261px261.x261.170501133132.f7v6/catalogue/unity-hospital-parvat-patia-surat-neurologists-jopxmt.jpg?clr=#464620?fit=around%7C270%3A130&crop=270%3A130%3B%2A%2C%2A,Unity Hospital,Shalby Hospitals near me,"Aai Mata Road, Par.. |",08045786199,https://www.justdial.com/Surat/Unity-Hospital-Near-D-R-World-Parvat-Patia/0261PX261-X261-170501133132-F7V6_BZDET?xid=U3VyYXQgTXVsdGlzcGVjaWFsaXR5IEhvc3BpdGFscw==,4.0,536 Votes
28,https://content.jdmagicbox.com/comp/surat/f5/0261px261.x261.200817001019.w3f5/catalogue/dr-kashyap-ramoliya-hira-baug-surat-orthopaedic-doctors-0pwqbhnbo3.jpg?clr=#1b2b4b?fit=around%7C270%3A130&crop=270%3A130%3B%2A%2C%2A,Dr. Kashyap Ramoliya,Maternity Hospitals near me,"Sargam Complex, Hi.. |",+(91)-9099047648,https://www.justdial.com/Surat/Dr-Kashyap-Ramoliya-Hira-Baug/0261PX261-X261-200817001019-W3F5_BZDET?xid=U3VyYXQgTXVsdGlzcGVjaWFsaXR5IEhvc3BpdGFscw==,5.0,NaN
29,https://content.jdmagicbox.com/comp/surat/15/0261p261std2010215/catalogue/shree-prannath-multispeciality-hospital-ved-road-surat-hospitals-4lavuqg.jpg?clr=#3d2929?fit=around%7C270%3A130&crop=270%3A130%3B%2A%2C%2A,Shree Prannath Multispecial..,Veterinary Hospitals near me,"Prannath Marg, Ved.. |",07947254572,https://www.justdial.com/Surat/Shree-Prannath-Multispeciality-Hospital-Opposite-Nani-Bahuchraji-Mandir-Ved-Road/0261P261STD2010215_BZDET?xid=U3VyYXQgTXVsdGlzcGVjaWFsaXR5IEhvc3BpdGFscw==,4.1,8 Votes
30,https://content.jdmagicbox.com/comp/surat/m6/0261px261.x261.130807101148.n9m6/catalogue/sanjeevani-multi-speciality-hospital-vesu-surat-hospitals-dhqv7g6cfv.jpg?clr=#2b2b3b?fit=around%7C270%3A130&crop=270%3A130%3B%2A%2C%2A,Sanjeevani Multi Speciality..,Public Hospitals near me,"University Road, V.. |",07947254889,https://www.justdial.com/Surat/Sanjeevani-Multi-Speciality-Hospital-Opposite-S-D-Jain-School-Vesu/0261PX261-X261-130807101148-N9M6_BZDET?xid=U3VyYXQgTXVsdGlzcGVjaWFsaXR5IEhvc3BpdGFscw==,4.5,NaN
31,https://content.jdmagicbox.com/comp/surat/k6/0261px261.x261.140410075607.y4k6/catalogue/malavia-hospital-adajan-dn-surat-hospitals-ggljw.jpg?clr=#47291f?fit=around%7C270%3A130&crop=270%3A130%3B%2A%2C%2A,Malavia Hospital,Coronavirus Treatment Hospitals near me,"Anand Mahal Road, .. |",07947332895,https://www.justdial.com/Surat/Malavia-Hospital-Opposite-Prime-Arcade-Adajan-Dn/0261PX261-X261-140410075607-Y4K6_BZDET?xid=U3VyYXQgTXVsdGlzcGVjaWFsaXR5IEhvc3BpdGFscw==,4.2,208 Votes
32,https://content.jdmagicbox.com/comp/surat/x1/0261px261.x261.210615135218.q2x1/catalogue/deep-children-hospital-katargam-singanpore-road-katargram-surat-children-hospitals-0u8w1k2vy7.jpg?clr=#006666?fit=around%7C270%3A130&crop=270%3A130%3B%2A%2C%2A,Deep Children Hospital,NaN,Katargam Singanpor.. |,07947247649,https://www.justdial.com/Surat/Deep-Children-Hospital-Near-Rajdeep-Society-Katargam-Singanpore-Road-Katargram/0261PX261-X261-210615135218-Q2X1_BZDET?xid=U3VyYXQgTXVsdGlzcGVjaWFsaXR5IEhvc3BpdGFscw==,4.5,NaN
33,https://content.jdmagicbox.com/comp/surat/x4/0261px261.x261.181115190511.e6x4/catalogue/apex-hospital-and-icu-pal-bhatha-surat-hospitals-zulo5so6xv.jpg?clr=#203346?fit=around%7C270%3A130&crop=270%3A130%3B%2A%2C%2A,Apex Hospital & ICU,NaN,New Gaurav Path Ro.. |,07947079718,https://www.justdial.com/Surat/Apex-Hospital-ICU-Near-Raj-Corner-Pal-Bhatha/0261PX261-X261-181115190511-E6X4_BZDET?xid=U3VyYXQgTXVsdGlzcGVjaWFsaXR5IEhvc3BpdGFscw==,4.6,41 Votes
34,https://content.jdmagicbox.com/comp/surat/b5/0261px261.x261.170107132333.r6b5/catalogue/city-life-care-multispeciality-hospital-kamrej-char-rasta-surat-hospitals-j2lwew.jpg?clr=#123e54?fit=around%7C270%3A130&crop=270%3A130%3B%2A%2C%2A,City Life Care Multispecial..,NaN,"Kamrej Road, Kamre.. |",07947255441,https://www.justdial.com/Surat/City-Life-Care-Multispeciality-Hospital-Kamrej-Char-Rasta/0261PX261-X261-170107132333-R6B5_BZDET?xid=U3VyYXQgTXVsdGlzcGVjaWFsaXR5IEhvc3BpdGFscw==,4.9,NaN
35,https://content.jdmagicbox.com/comp/surat/f2/0261px261.x261.190204182851.c8f2/catalogue/golden-care-multispeciality-hospital-city-light-town-surat-polyclinics-fbuu0sobwa.jpg?clr=#521414?fit=around%7C270%3A130&crop=270%3A130%3B%2A%2C%2A,Golden Care Multispeciality..,NaN,"Citylight Road, Ci.. |",07947082177,https://www.justdial.com/Surat/Golden-Care-Multispeciality-Hospital-Opposite-Science-Center-City-Light-Town/0261PX261-X261-190204182851-C8F2_BZDET?xid=U3VyYXQgTXVsdGlzcGVjaWFsaXR5IEhvc3BpdGFscw==,4.9,130 Votes
36,https://content.jdmagicbox.com/comp/surat/w9/0261px261.x261.210208130542.z3w9/catalogue/shree-prannath-multispeciality-hospital-amroli-surat-orthopaedic-doctors-8fs11hgi7h.jpg?clr=#254141?fit=around%7C270%3A130&crop=270%3A130%3B%2A%2C%2A,Shree Prannath Multispecial..,NaN,Amroli Chhapar Bha.. |,07947290314,https://www.justdial.com/Surat/Shree-Prannath-Multispeciality-Hospital-Amroli/0261PX261-X261-210208130542-Z3W9_BZDET?xid=U3VyYXQgTXVsdGlzcGVjaWFsaXR5IEhvc3BpdGFscw==,5.0,NaN
37,https://content.jdmagicbox.com/comp/surat/y6/0261px261.x261.210716170233.y1y6/catalogue/shri-vikalp-hospital-surat-hospitals-tspf6tdsmr.jpg?clr=#333333?fit=around%7C270%3A130&crop=270%3A130%3B%2A%2C%2A,Shri Vikalp Hospital,NaN,Ugat Canal Road-Ja.. |,07947266139,https://www.justdial.com/Surat/Shri-Vikalp-Hospital-Opposite-Radiant-English-School-Ugat-Canal-Road-Jahangirpura/0261PX261-X261-210716170233-Y1Y6_BZDET?xid=U3VyYXQgTXVsdGlzcGVjaWFsaXR5IEhvc3BpdGFscw==,5.0,109 Votes
38,https://content.jdmagicbox.com/comp/def_content/blood-testing-centres/ou3dqtaqml-blood-testing-centres-10-cq540.jpg?clr=#273f27?fit=around%7C270%3A130&crop=270%3A130%3B%2A%2C%2A,Velocity Multispeciality Ho..,NaN,"Lp Savani Road, Ad.. |",07947291432,https://www.justdial.com/Surat/Velocity-Multispeciality-Hospital-Near-Madhuvan-Circle-Adajan-Dn/0261PX261-X261-210527111125-Z5X3_BZDET?xid=U3VyYXQgTXVsdGlzcGVjaWFsaXR5IEhvc3BpdGFscw==,5.0,NaN
39,https://content.jdmagicbox.com/comp/surat/u5/0261px261.x261.210729192424.h4u5/catalogue/-caaw62ad6c.jpg?clr=#4d331a?fit=around%7C270%3A130&crop=270%3A130%3B%2A%2C%2A,Monarch Multi-Speciality Ho..,NaN,Pal Gam Road-Palan.. |,07947060598,https://www.justdial.com/Surat/Monarch-Multi-Speciality-Hospital-Pal-Gam-Road-Palanpur-Patia/0261PX261-X261-210729192424-H4U5_BZDET?xid=U3VyYXQgTXVsdGlzcGVjaWFsaXR5IEhvc3BpdGFscw==,5.0,262 Votes
