,Name,Practitioner,Ratings,Raring Counts
0,"Dr. Qin Rao, MD",Gastroenterologist,4.94,(109)
1,"Dr. Andrew Fagelman, MD",Primary Care Doctor,4.73,"(5,206)"
2,"Dr. Andrew Fagelman, MD",Primary Care Doctor,4.73,"(5,206)"
3,"Dr. Felix Chien, DO",Primary Care Doctor,4.69,"(2,003)"
4,"Dr. Todd Estabrook, MD",Primary Care Doctor,4.91,(94)
5,"Dr. Jared Dropkin, DO",Primary Care Doctor,4.90,(399)
6,"Dr. Victor Tenenbaum, DO",Primary Care Doctor,4.85,"(1,157)"
7,"Dr. Anuradha Kottapalli, MD",Primary Care Doctor,4.90,(585)
8,"Dr. Molly Grover, MD",Primary Care Doctor,4.88,(92)
9,"Dr. Syra Hanif, MD",Primary Care Doctor,4.19,"(1,128)"
10,"Dr. Claudia Rivera, MD",Primary Care Doctor,4.63,(304)
11,"Dr. Afnan Haq, MD",Primary Care Doctor,4.65,(69)
12,"Dr. Neelima Tangirala, MD",Primary Care Doctor,4.68,(65)
13,"Dr. Jacques Merab, MD",Primary Care Doctor,4.06,(32)
14,"Dr. Ameer Hmeidan, MD",Primary Care Doctor,4.94,(954)
15,"Dr. Wooyoung Choi, MD",Primary Care Doctor,4.86,(69)
16,"Dr. Ahmadur Rahman, MD",Primary Care Doctor,4.85,"(2,895)"
17,"Dr. Alexandra Kreps, MD",Primary Care Doctor,4.83,(346)
18,"Dr. Qin Rao, MD",Gastroenterologist,4.94,(109)
19,"Dr. Ahmadur Rahman, MD",Primary Care Doctor,4.85,"(2,895)"
20,"Dr. Alexandra Kreps, MD",Primary Care Doctor,4.83,(346)
21,"Dr. Marissa Newman, MD, FACP",Primary Care Doctor,4.88,"(1,667)"
22,"Dr. Jonathan Weinberger, MD",Primary Care Doctor,4.92,(614)
23,"Dr. Yixiu Zheng, MD",Primary Care Doctor,4.63,"(1,646)"
24,"Dr. Felix Chien, DO",Primary Care Doctor,4.69,"(2,003)"
25,"Dr. Igor Kletsman, MD",Primary Care Doctor,4.70,"(3,227)"
26,"Dr. Rajiv Agashiwala, DO",Primary Care Doctor,4.95,(211)
27,"Dr. Nadege Coupet, MD",Primary Care Doctor,4.67,(669)
28,"Dr. William Mandell, MD",Primary Care Doctor,4.86,(144)
29,"Chelsea Curione, NP",Adult Nurse Practitioner,4.89,(152)
30,"Dr. Douglas Bailyn, MD",Primary Care Doctor,4.84,"(4,587)"
31,"Taesoo Kim, PA",Physician Assistant,4.76,(37)
32,"Dr. Michael Raffinan, MD",Primary Care Doctor,4.85,"(2,041)"
33,"Dr. Andrew Fallis, MD",Primary Care Doctor,4.69,"(2,393)"
34,"Dr. Karthik Karibandi, MD",Primary Care Doctor,4.72,(746)
35,"Dr. Lawrence Herbert, MD",Primary Care Doctor,4.92,"(2,027)"
36,"Dr. Qin Rao, MD",Gastroenterologist,4.94,(109)
37,"Dr. Syra Hanif, MD",Primary Care Doctor,4.19,"(1,128)"
38,"Dr. Rina Mehta, MD",Primary Care Doctor,4.88,(667)
39,"Dr. Katherine Carroll, DO",Primary Care Doctor,4.89,(227)
40,"Dr. Aran Degenhardt, MD, CAc",Primary Care Doctor,4.81,"(2,161)"
41,"Virali Patel, PA",Physician Assistant,4.73,(221)
42,"Dr. Eliza Muzylo, MD",Primary Care Doctor,4.80,(935)
43,"Dr. Armine Michael, MD",Primary Care Doctor,4.23,(138)
44,"Dr. Joseph Rahimian, MD",Primary Care Doctor,4.69,(156 reviews)
45,"Dr. Andres Ortega, DO",Primary Care Doctor,4.85,(667)
46,"Dr. Qin Rao, MD",Gastroenterologist,4.94,(109)
47,"Dr. George Castro, MD",Primary Care Doctor,4.93,"(1,320)"
48,"Dr. David Bekhor, MD",Primary Care Doctor,4.76,(196)
49,"Dr. Karthik Karibandi, MD",Primary Care Doctor,4.72,(746)
50,"Dr. Richard Hirschman, MD",Primary Care Doctor,4.81,(291)
51,"Dr. Jacques Merab, MD",Primary Care Doctor,4.06,(32)
52,"Dr. John Dellosso, MD, FACP",Primary Care Doctor,4.47,(795)
53,"Dr. Terry Wayne Fonville, MD",Primary Care Doctor,4.73,(309)
54,"Dr. Qin Rao, MD",Gastroenterologist,4.94,(109)
55,"Victoria Ciano, PA",Physician Assistant,4.87,(567)
56,"Dr. Eliza Muzylo, MD",Primary Care Doctor,4.80,(935)
57,"Dr. Pearl Lui, MD",Primary Care Doctor,4.66,(935)
58,"Arina Zudenko, PA",Physician Assistant,4.96,(24)
59,"Dr. John Adams, MD",Primary Care Doctor,4.76,(993)
60,"Dr. Pearl Lui, MD",Primary Care Doctor,4.66,(935)
61,"Dr. Julie Bikhman, DO",Primary Care Doctor,4.78,(760)
62,"Dr. Laurie Rice, MD",Primary Care Doctor,4.65,"(3,198)"
63,"Dr. Marissa Newman, MD, FACP",Primary Care Doctor,4.88,"(1,667)"
64,"Dr. Omar Waqar, MD",Allergist,4.81,(36)
65,"Stefanie Ammiano, NP",Nurse Practitioner,4.90,(284)
66,"Tabitha Locklear, NP",Family Nurse Practitioner,5.00,(18)
67,"Dr. Shilpa Paradkar Singh, MD",Primary Care Doctor,4.81,(802)
68,"Dr. Todd Estabrook, MD",Primary Care Doctor,4.91,(94)
69,"Dr. Sandeep Soman, MD",Primary Care Doctor,4.85,(674)
70,"Dr. Howard Antosofsky, MD",Primary Care Doctor,4.73,(352)
71,"Dr. Rajat Lamington, MD",Primary Care Doctor,4.84,(730)
72,"Dr. Qin Rao, MD",Gastroenterologist,4.94,(109)
73,"Dr. Howard Antosofsky, MD",Primary Care Doctor,4.73,(352)
74,"Dr. Rajat Lamington, MD",Primary Care Doctor,4.84,(730)
75,"Dr. Diana Nassar, MD",Primary Care Doctor,4.94,(900)
76,"Dr. Molly Grover, MD",Primary Care Doctor,4.88,(92)
77,"Dr. Mukund Das, MD",Primary Care Doctor,4.53,(17)
78,"Dr. Mukund Das, MD",Primary Care Doctor,4.53,(17)
79,"Dr. Mukund Das, MD",Primary Care Doctor,4.53,(17)
80,"Dr. Ami Patel, MD",Internist,4.87,(733)
81,"Dr. Howard Siegel, MD",Primary Care Doctor,4.72,(86 reviews)
82,"Dr. Wooyoung Choi, MD",Primary Care Doctor,4.86,(69)
83,"Dr. Julie Bikhman, DO",Primary Care Doctor,4.78,(760)
84,"Dr. Ashima Bakhru, MD",Primary Care Doctor,4.63,"(1,188)"
85,"Dr. Claudia Rivera, MD",Primary Care Doctor,4.63,(304)
86,"Dr. Andrew Petelin, MD",Primary Care Doctor,4.74,"(1,637)"
87,"Dr. Samantha Stimmel, MD",Primary Care Doctor,4.86,(797)
88,"Dr. Jens Harboe-Schmidt, MD",Primary Care Doctor,4.90,(610)
89,"Dr. Rajat Lamington, MD",Primary Care Doctor,4.84,(730)
90,"Dr. Qin Rao, MD",Gastroenterologist,4.94,(109)
91,"Dr. John Abroon, MD",Primary Care Doctor,4.68,(133)
92,"Dr. Markos Koutsos, MD",Primary Care Doctor,4.80,"(1,065)"
93,"Dr. Kaliyur Venkat, MD",Primary Care Doctor,4.38,(450)
94,"Sarah Davis, NP",Nurse Practitioner,4.88,(110)
95,"Dr. Kathryn Alcarez, DO",Primary Care Doctor,4.74,(833)
96,"Dr. Asra Hussain, MD",Primary Care Doctor,4.02,(51)
97,"Dr. Shirin Peters, MD",Primary Care Doctor,4.15,"(4,001)"
98,"Dr. Jean Kim, MD",Primary Care Doctor,4.84,"(1,034)"
99,"Dr. Rada Norov, MD",Primary Care Doctor,4.82,"(1,162)"
100,"Dr. Denise Pate, MD",Primary Care Doctor,4.94,(149)
101,"Dr. Daniel Perl, MD",Gastroenterologist,4.93,"(2,186)"
102,"Dr. Lee Coleman Hinnant, MD",Primary Care Doctor,4.23,(138)
103,"Dr. Armine Michael, MD",Primary Care Doctor,4.82,(688)
104,"Dr. Balreet Kahlon, MD",Primary Care Doctor,4.86,"(1,708)"
105,"Dr. Lolita Chatterjee, MD, FACP",Primary Care Doctor,4.92,(650)
106,"Dr. Mikhail Yakubov, MD",Gastroenterologist,3.98,"(1,386)"
107,"Dr. Qin Rao, MD",Gastroenterologist,4.94,(109)
108,"Dr. Angela Lee, DO",Primary Care Doctor,4.90,(42)
109,"Diana Jun, NP",Nurse Practitioner,5.00,(7 reviews)
110,"Dr. Aran Degenhardt, MD, CAc",Primary Care Doctor,4.81,"(2,161)"
111,"Dr. Diana Nassar, MD",Primary Care Doctor,4.94,(900)
112,"Dr. Ameer Hmeidan, MD",Primary Care Doctor,4.94,(954)
113,"Dr. Maria Reichel, MD",Family Physician,4.74,(769)
114,"Dr. Danijela Zotovic, MD",Primary Care Doctor,4.93,"(1,420)"
115,"Dr. Helen Gouzoulis, MD",Primary Care Doctor,4.78,(955)
116,"Dr. John Chuey, MD",Primary Care Doctor,4.83,"(1,657)"
117,"Dr. Daniel Kim, DO",Primary Care Doctor,4.85,(371)
118,"Dr. Josephine Julian, MD",Primary Care Doctor,4.64,"(1,185)"
119,"Dr. Mukund Das, MD",Primary Care Doctor,4.53,(17)
120,"Dr. Markos Koutsos, MD",Primary Care Doctor,4.80,"(1,065)"
121,"Dr. Howard Shapiro, DO",Primary Care Doctor,4.76,(51 reviews)
122,"Dr. Jeffery Tun, MD",Primary Care Doctor,4.74,(467)
123,"Dr. Andrew Wang, DO",Family Physician,4.64,(14 reviews)
124,"Dr. Emmanuel Gelin, MD",Primary Care Doctor,4.54,(737)
125,"Dr. Qin Rao, MD",Gastroenterologist,4.94,(109)
126,"Dr. Helen Gouzoulis, MD",Primary Care Doctor,4.78,(955)
127,"Dr. Haleh Milani, MD, FACC",Primary Care Doctor,4.56,(728 reviews)
128,"Dr. John Chuey, MD",Primary Care Doctor,4.83,"(1,657)"
129,"Dr. Daniel Kim, DO",Primary Care Doctor,4.85,(371)
130,"Dr. Mukund Das, MD",Primary Care Doctor,4.53,(17)
131,"Dr. Markos Koutsos, MD",Primary Care Doctor,4.80,"(1,065)"
132,"Dr. Howard Shapiro, DO",Primary Care Doctor,4.76,(51 reviews)
133,"Dr. Jeffery Tun, MD",Primary Care Doctor,4.74,(467)
134,"Dr. Emmanuel Gelin, MD",Primary Care Doctor,4.54,(737)
135,"Joanne De Guia-Rayos, NP",Adult Nurse Practitioner,4.80,(482)
136,"Dr. Gerald H. Leventhal, MD",Primary Care Doctor,4.82,(715)
137,"Dr. Rachel Cohen, MD, MS",Primary Care Doctor,4.91,"(2,097)"
138,"Dr. Anuradha Kottapalli, MD",Primary Care Doctor,4.90,(585)
139,"Dr. Asra Hussain, MD",Primary Care Doctor,4.02,(51)
140,"Dr. Karnika Kapoor, DO",Primary Care Doctor,4.76,(572)
141,"Dr. Marcella Allen, MD",Primary Care Doctor,4.82,"(3,406)"
142,"Dr. Ellen Rooney, MD",Primary Care Doctor,4.74,(121)
0,"Dr. Sophie Miro Fortier, MD",Family Physician,4.87,(222)
1,"Dr. Lydia Alexander, MD",OB-GYN,4.89,(75)
2,"Dr. Leigh Ann Wade, MD",OB-GYN,4.88,"(1,511)"
3,"Dr. Jenny Reisner, MD",OB-GYN,4.82,(246)
4,"Dr. Heidi Flagg, MD",OB-GYN,4.82,(758)
5,"Dr. Faina Gelman-Nisanov, MD",OB-GYN,4.86,(866)
6,"Dr. Karishma Anik, DO",Gynecologist,4.59,(125)
7,"Dr. Linda Cho, MD",OB-GYN,4.79,(143)
8,"Dr. Brina Maldonado, MD",OB-GYN,4.81,(96)
9,"Dr. Victoria Onbreyt, MD",OB-GYN,4.83,(175 reviews)
10,"Dr. Elizabeth Rodgers, MD",OB-GYN,4.75,(60)
11,"Dr. Danielle Feldman, MD",OB-GYN,4.45,(20 reviews)
12,"Dr. Erin Rohde, MD",OB-GYN,4.75,"(1,075)"
13,"Dr. Kecia Gerlach, MD",OB-GYN,4.90,"(1,683)"
14,"Dr. Alexandra Fleary, MD",OB-GYN,4.95,(19 reviews)
15,"Dr. Raufa Faroqui, MD",OB-GYN,4.57,"(2,709)"
16,"Dr. Ed Khoury, MD",OB-GYN,4.46,(301 reviews)
17,"Dr. Fernando Mariz, MD",OB-GYN,4.81,(578)
18,"Dr. Sophie Miro Fortier, MD",Family Physician,4.87,(222)
19,"Dr. Ephraim Ovitsh, MD, FACOG",OB-GYN,4.87,"(3,436)"
20,"Dr. Annie Kim, MD",Gynecologist,4.76,(89)
21,"Dr. Angie Li, MD",OB-GYN,4.19,"(2,516)"
22,"Dr. Lina Pilshchik, DO",OB-GYN,4.65,"(1,367)"
23,"Dr. Ed Khoury, MD",OB-GYN,4.44,(284)
24,"Dr. Ed Khoury, MD",OB-GYN,4.46,(301 reviews)
25,"Dr. Ena Marsan, DO",OB-GYN,4.52,"(1,178)"
26,"Dr. Monica Simons, MD",OB-GYN,4.76,"(3,323)"
27,"Dr. Felix Cohen, MD",OB-GYN,4.84,"(2,819)"
28,"Dr. Felix Cohen, MD",OB-GYN,4.84,"(2,819)"
29,"Dr. Jarrett Masson, MD",OB-GYN,4.80,(141)
30,"Dr. Alyssa Erb, DO",OB-GYN,4.81,"(1,280)"
31,"Dr. Maria Rosalie, MD",Gynecologist,4.84,(56)
32,"Dr. Alyssa Erb, DO",OB-GYN,4.81,"(1,280)"
33,"Dr. Mark Gray, MD, FACOG",Gynecologist,4.81,"(1,432)"
34,"Dr. Molly McBride, MD",OB-GYN,4.79,"(7,811)"
35,"Dr. Marina Arutyunyan, DO, MPH",Gynecologist,4.83,(6 reviews)
36,"Dr. Sophie Miro Fortier, MD",Family Physician,4.87,(222)
37,"Dr. Annie Kim, MD",Gynecologist,4.76,(89)
38,"Dr. Sonia Kim, MD",OB-GYN,4.39,"(2,330)"
39,"Dr. Adele Cavalli, MD",OB-GYN,4.85,(929)
40,"Dr. Jason Kanos, MD",OB-GYN,4.84,(831)
41,"Dr. Sonia Kim, MD",OB-GYN,4.39,"(2,330)"
42,"Dr. Tracey J. Fein, MD",OB-GYN,4.75,(57)
43,"Dr. Olga Tusheva, MD",Gynecologist,4.21,(133)
44,"Dr. Maria (Raccuglia) Culotta, MD",OB-GYN,4.31,"(2,087)"
45,"Dr. Eleonora Markesic, DO",OB-GYN,4.96,"(2,327)"
46,"Dr. Nontawan Benja-Athonsirikul, MD, MHlthSci, BA",OB-GYN,4.86,(234)
47,"Dr. Katya Ostrow, MD",OB-GYN,4.95,(255)
48,"Dr. Meredith Halpern, MD",Gynecologist,4.89,(235)
49,"Dr. Howard Shaw, MD",OB-GYN,4.63,(19 reviews)
50,"Dr. Jeffrey Mazlin, MD",OB-GYN,4.38,(120 reviews)
51,"Dr. Maiquel Carrasco, MD",OB-GYN,4.84,"(1,106)"
52,"Dr. Rachel Barr, MD",OB-GYN,4.70,"(1,526)"
53,"Dr. Amir Shay, MD",OB-GYN,4.87,(50)
54,"Dr. Sophie Miro Fortier, MD",Family Physician,4.87,(222)
55,"Dr. Meredith Halpern, MD",Gynecologist,4.89,(235)
56,"Dr. Howard Shaw, MD",OB-GYN,4.63,(19 reviews)
57,"Dr. Jeffrey Mazlin, MD",OB-GYN,4.38,(120 reviews)
58,"Dr. Maiquel Carrasco, MD",OB-GYN,4.84,"(1,106)"
59,"Dr. Rachel Barr, MD",OB-GYN,4.70,"(1,526)"
60,"Dr. Nancy Lebowitz, MD",OB-GYN,4.92,(426 reviews)
61,"Dr. Alyssa Erb, DO",OB-GYN,4.81,"(1,280)"
62,"Dr. Marjon Mobasseri, MD",OB-GYN,4.74,(105)
63,"Dr. Kenneth Kaplan, MD, FACOG",OB-GYN,4.72,"(1,607)"
64,"Dr. Moushumi Shoma Datta-Thomas, MD",OB-GYN,4.57,(611 reviews)
65,"Dr. Karen Brodman, MD, FACOG",OB-GYN,4.96,(647)
66,"Dr. Samuel Rafalin, MD",OB-GYN,4.73,(166 reviews)
67,"Dr. Carmit Archibald, MD, FACOG",OB-GYN,4.88,"(2,568)"
68,"Dr. Shahnoz Rustamova, MD",OB-GYN,4.69,"(2,917)"
69,"Dr. Valerie Wells, MD, FACOG",OB-GYN,4.95,"(1,670)"
70,"Svetlana Iovenko, MSN, NP",Family Nurse Practitioner,4.66,(117)
71,"Dr. Mark P. Gold, MD, FACOG",OB-GYN,4.79,(729)
72,"Dr. Sophie Miro Fortier, MD",Family Physician,4.87,(222)
73,"Dr. Molly Grover, MD",Family Physician,4.88,(93)
74,"Dr. Sarita Khatri, MD",OB-GYN,4.52,"(4,487)"
75,"Dr. Abigail Kahn, MD",OB-GYN,4.77,"(1,169)"
76,"Dr. Jeffrey Mazlin, MD",OB-GYN,4.38,(120 reviews)
77,"Dr. Felix Cohen, MD",OB-GYN,4.84,"(2,819)"
78,"Dr. Lana Selitsky, DO",OB-GYN,4.88,(418)
79,"Dr. Gabriela Olaru, MD",OB-GYN,4.74,"(1,680)"
80,"Dr. Olga Tusheva, MD",Gynecologist,4.21,(133)
81,"Dr. Sonia Kim, MD",OB-GYN,4.39,"(2,330)"
82,"Dr. Michael Terrani, MD",OB-GYN,4.13,(294 reviews)
83,"Dr. Radoslav Jovanovic, MD",OB-GYN,5.00,(3 reviews)
84,"Dr. Dimitry Goncharov, DO",OB-GYN,4.64,(481 reviews)
85,"Dr. Rachel Villanueva, MD",OB-GYN,4.57,(649)
86,"Dr. Michael Terrani, MD",OB-GYN,4.13,(294 reviews)
87,"Dr. Youyin Choy, MD",OB-GYN,4.80,(354)
88,"Dr. John Migotsky, MD",OB-GYN,4.43,(35 reviews)
89,"Dr. Ira Jaffe, DO, FACOG",OB-GYN,4.56,(32 reviews)
90,"Dr. Sophie Miro Fortier, MD",Family Physician,4.87,(222)
91,"Dr. Sitara Ravikumar, MD",OB-GYN,4.94,(458)
92,"Dr. Joshua Sullum, MD",OB-GYN,4.65,(286 reviews)
93,"Dr. Karl-Heinz Moehlen, MD",OB-GYN,4.74,(428)
94,"Dr. Michael Terrani, MD",OB-GYN,4.13,(294 reviews)
95,"Dr. Boris Petrikovsky, MD",OB-GYN,3.91,(99 reviews)
96,"Dr. Hope Langer, MD, FACOG",OB-GYN,3.56,(9 reviews)
97,"Dr. Hope Langer, MD, FACOG",OB-GYN,3.56,(9 reviews)
98,"Dr. Gary Goldman, MD",OB-GYN,4.96,(27 reviews)
99,"Dr. John Paciuc, MD",OB-GYN,5.00,(12 reviews)
100,"Dr. Cassandra Henderson, MD, FACOG",OB-GYN,4.40,(94 reviews)
101,"Dr. Shereen Russell, MD",OB-GYN,4.85,(137 reviews)
102,"Dr. Stanislaw Niznikiewicz, MD, FACOG",OB-GYN,4.62,"(1,212)"
103,"Dr. Zitao Liu, MD, PhD",OB-GYN,3.67,(6 reviews)
104,"Dr. Fernando Mariz, MD",OB-GYN,4.81,(578)
105,"Elisabeth Markus-Sullivan, CNM",Nurse Practitioner,4.93,(286)
106,"Jennifer Brennan, NP",Nurse Practitioner,4.67,(218)
107,"Sarah Davis, NP",Nurse Practitioner,4.88,(110)
108,"Dr. Sophie Miro Fortier, MD",Family Physician,4.87,(222)
109,"Dr. Yuliya Boruch, DNP, CNM, NP, MN",Midwife,4.94,"(1,601)"
110,"Dr. Hayama Brill, MD",OB-GYN,4.44,(479)
111,"Dr. Cassandra Henderson, MD, FACOG",OB-GYN,4.40,(94 reviews)
112,"Joanne De Guia-Rayos, NP",Adult Nurse Practitioner,4.80,(482)
113,"Dr. Inga Zilberstein, MD",OB-GYN,4.41,(756)
114,"Dr. Farris Fahmy, MD, FACOG",OB-GYN,4.84,(415 reviews)
115,"Jane Lee, FNP, NP",Family Nurse Practitioner,4.90,"(1,102)"
116,"Dr. Robert Rainer, MD",OB-GYN,4.32,(545)
117,"Dr. Jane Galasso, MD",OB-GYN,4.81,(36 reviews)
118,"Dr. Meryl Kahan, MD",OB-GYN,4.57,(143 reviews)
119,"Dr. Saam Miller, MD",OB-GYN,1.00,(1 review)
120,"Dr. Ededet Udo, MD, FACOG",OB-GYN,4.57,(799)
121,"Dr. Syra Hanif, MD",Family Physician,4.19,"(1,129)"
122,"Dr. Valerie Layne, DNP",Nurse Practitioner,4.90,(177)
123,"Dr. Iyad Nader, MD",Gynecologist,4.90,"(1,102)"
124,"Jane Lee, FNP, NP",Family Nurse Practitioner,4.48,(755)
125,"Dr. Sophie Miro Fortier, MD",Family Physician,4.87,(222)
126,"Jennifer Brennan, NP",Nurse Practitioner,4.67,(218)
127,"Sarah Davis, NP",Nurse Practitioner,4.88,(110)
128,"Dr. Yuliya Boruch, DNP, CNM, NP, MN",Midwife,4.94,"(1,601)"
129,"Dr. Hayama Brill, MD",OB-GYN,4.44,(479)
130,"Dr. Cassandra Henderson, MD, FACOG",OB-GYN,4.40,(94 reviews)
131,"Joanne De Guia-Rayos, NP",Adult Nurse Practitioner,4.80,(482)
132,"Dr. Inga Zilberstein, MD",OB-GYN,4.41,(756)
133,"Dr. Farris Fahmy, MD, FACOG",OB-GYN,4.84,(415 reviews)
134,"Jane Lee, FNP, NP",Family Nurse Practitioner,4.90,"(1,102)"
135,"Dr. Robert Rainer, MD",OB-GYN,4.32,(545)
136,"Dr. Tamara Guichard, MD",OB-GYN,4.52,"(2,570)"
137,"Dr. Jane Galasso, MD",OB-GYN,4.81,(36 reviews)
138,"Dr. Meryl Kahan, MD",OB-GYN,4.57,(143 reviews)
139,"Dr. Saam Miller, MD",OB-GYN,1.00,(1 review)
140,"Dr. Ededet Udo, MD, FACOG",OB-GYN,4.57,(799)
141,"Dr. Syra Hanif, MD",Family Physician,4.19,"(1,129)"
142,"Dr. Valerie Layne, DNP",Nurse Practitioner,4.90,(177)
0,"Dr. Taryn Huizenga, MD",Dermatologist,4.88,(506)
1,"Dr. Gabriela Soza, MD",Dermatologist,4.91,(391)
2,"Dr. Michele Burgess, MD",Dermatologist,4.81,(21 reviews)
3,"Dr. Cindy Li, DO",Dermatologist,4.77,(235 reviews)
4,"Genet Finnegan, PA",Physician Assistant,4.91,(161)
5,"Dr. Hysem Eldik, MD",Dermatologist,4.95,(193)
6,"Dr. Taryn Huizenga, MD",Dermatologist,4.88,(506)
7,"Dr. Hasan Khosravi, MD",Dermatologist,4.86,(29 reviews)
8,"Dr. Yasaman Mansouri, MD, MRCP, FAAD",Dermatologist,4.84,(44 reviews)
9,"Dr. Nikhil Dhingra, MD",Dermatologist,4.89,"(1,210)"
10,"Dr. Blair Murphy-Rose, MD",Dermatologist,4.80,(140)
11,"Dr. Robert Lorenz, MD",Dermatologist,4.89,(76)
12,"Victoria Ciano, PA",Physician Assistant,4.87,(567)
13,"Dr. Pinkas Lebovits, MD",Dermatologist,4.64,"(1,812)"
14,"Dr. Philip Bruder, MD",Dermatologist,4.81,(36 reviews)
15,"Dr. Mark Strom, MD",Dermatologist,4.88,(16 reviews)
16,"Dr. Dorothy Fernandez, MD",Dermatologist,4.73,(125 reviews)
17,"Dr. Bradford Katchen, MD",Dermatologist,4.84,(236 reviews)
18,"Dr. Taryn Huizenga, MD",Dermatologist,4.88,(506)
19,"Alexandra Gold, PAC",Physician Assistant,4.88,(341)
20,"Dr. Saleh Rachidi, MD",Dermatologist,4.94,(35 reviews)
21,"Dr. Lyubov Avshalumova, DO",Dermatologist,4.79,"(2,355)"
22,"Dr. Brian Hibler, MD",Dermatologist,4.71,(41 reviews)
23,"Dr. Morgan Rabach, MD",Dermatologist,4.68,"(1,016 reviews)"
24,"Dr. Naomi Donnelley, MD",Dermatologist,4.93,(173 reviews)
25,"Dr. Cindy Li, DO",Dermatologist,4.77,(235 reviews)
26,"Dr. Michael Cameron, MD",Dermatologist,4.79,(533)
27,"Dr. Kristina Goldenberg, MD",Dermatologist,4.91,(597)
28,"Sydney Karp, PAC",Physician Assistant,5.00,(7)
29,"Dr. Gilberto Alvarez, MD",Dermatologist,4.89,"(1,361)"
30,"Dr. Anna Karp, DO",Dermatologist,4.65,(463)
31,"Dr. Nadia Kihiczak, MD",Dermatologist,4.83,"(1,014)"
32,"Dr. Helen Radoszycki, MD",Dermatologist,4.80,"(1,510)"
33,"Dr. Omar Noor, MD, FAAD",Dermatologist,4.81,"(2,022)"
34,"Dr. Amy Spizuoco, DO",Dermatologist,4.68,"(3,265)"
35,"Dr. Saleh Rachidi, MD",Dermatologist,4.63,(48 reviews)
36,"Dr. Taryn Huizenga, MD",Dermatologist,4.88,(506)
37,"Dr. Amy Spizuoco, DO",Dermatologist,4.68,"(3,265)"
38,"Dr. Saleh Rachidi, MD",Dermatologist,4.63,(48 reviews)
39,"Dr. Sergey Petrosian, DO",Dermatologist,4.81,(306)
40,"Dr. Scott Hammerman, MD",Dermatologist,4.47,"(1,358)"
41,"Dr. Jessica Feig, MD",Dermatologist,4.54,(594)
42,"Dr. Orit Markowitz, MD",Dermatologist,4.75,(104)
43,"Dr. Forrest White, MD",Dermatologist,4.78,"(1,274)"
44,"Dr. Richard Mizuguchi, MD",Dermatologist,4.81,"(1,459)"
45,"Dr. Michelle Xu, MD",Dermatologist,4.92,(324)
46,"Dr. Scott Hammerman, MD",Dermatologist,4.47,"(1,358)"
47,"Dr. Bruce Heller, MD",Dermatologist,4.64,(787)
48,"Dr. Annemarie Uliasz, MD",Dermatologist,4.92,(371)
49,"Dr. Michelle Xu, MD",Dermatologist,4.92,(324)
50,"Dr. Tamara Lazic Strugar, MD, FAAD",Dermatologist,4.90,(807)
51,"Allison Eisenberg, PAC",Physician Assistant,4.86,(44 reviews)
52,"Dr. Nadia Abidi, MD",Dermatologist,5.00,(7 reviews)
53,"Dr. Richard Mizuguchi, MD",Dermatologist,4.81,"(1,459)"
54,"Dr. Taryn Huizenga, MD",Dermatologist,4.88,(506)
55,"Dr. Richard Mizuguchi, MD",Dermatologist,4.81,"(1,459)"
56,"Dr. Joyce Davis, MD",Dermatologist,4.60,(126 reviews)
57,"Jocelyn Thurm, PA",Physician Assistant,4.95,(20)
58,"Dr. Kass Sadri, MD",Dermatologist,4.58,(191)
59,"Dr. Barry D. Goldman, MD",Dermatologist,4.81,"(1,713)"
60,"Dr. Blair Murphy-Rose, MD",Dermatologist,4.80,(140)
61,"Dr. Bradley Glodny, MD",Dermatologist,4.91,(868)
62,"Dr. Neal Schultz, MD",Dermatologist,4.78,(79 reviews)
63,"Dr. Charlotte Birnbaum, MD",Dermatologist,4.84,"(1,233)"
64,"Dr. Taylor DeFelice, MD, MPH, FAAD",Dermatologist,4.89,"(2,586)"
65,"Dr. Robert Moraru, MD",Dermatologist,4.51,"(1,163)"
66,"Dr. Babar Rao, MD, FAAD",Dermatologist,4.54,(459 reviews)
67,"Dr. Cybele Fishman, MD",Dermatologist,4.74,"(1,607)"
68,"Dr. Jennifer Geiger, MD, FAAD",Dermatologist,4.82,"(1,177)"
69,"Dr. Tatyana Nektalova, MD",Dermatologist,4.83,"(1,072)"
70,"Dr. Kautilya Shaurya, MD",Dermatologist,4.75,(921)
71,"Dr. Tatyana Nektalova, MD",Dermatologist,4.83,"(1,072)"
72,"Dr. Taryn Huizenga, MD",Dermatologist,4.88,(506)
73,"Dr. Kiran Mian, DO",Dermatologist,4.76,(476)
74,"Dr. George Kihiczak, MD, FAAD",Dermatologist,4.79,"(1,635)"
75,"Dr. Jeremy Fenton, MD",Dermatologist,4.63,"(1,878)"
76,"Dr. Annemarie Uliasz, MD",Dermatologist,4.92,(371)
77,"Dr. Gabriela Soza, MD",Dermatologist,4.91,(391)
78,"Dr. Kaylan Pustover, DO",Dermatologist,4.88,"(1,597)"
79,"Dr. Elyse Love, MD",Dermatologist,4.86,(250)
80,"Dr. Lisa Gruson, MD",Dermatologist,4.97,(29 reviews)
81,"Dr. Saleh Rachidi, MD",Dermatologist,4.63,(48 reviews)
82,"Dr. Peter Hashim, MD",Dermatologist,4.81,(36 reviews)
83,"Dr. Neil Sadick, MD",Dermatologist,4.89,(9 reviews)
84,"Dr. Jeriel Weitz, DO",Dermatologist,4.83,(29 reviews)
85,"Dr. Karen Burke, MD",Dermatologist,4.76,(135 reviews)
86,"Jacqueline Linnert, PA",Physician Assistant,4.89,(18 reviews)
87,"Dr. Amy Rose, MD",Dermatologist,4.89,(234 reviews)
88,"Dr. Jessica Feig, MD",Dermatologist,4.54,(594)
89,"Dr. Elyse Love, MD",Dermatologist,4.90,(804)
90,"Dr. Taryn Huizenga, MD",Dermatologist,4.88,(506)
91,"Dr. Elyse Love, MD",Dermatologist,4.90,(804)
92,"Dr. Saakshi Khattri, MD",Dermatologist,4.82,(472 reviews)
93,"Dr. Michael Mann, MD",Dermatologist,4.72,(987)
94,"Dr. Libby Rhee, DO",Dermatologist,4.61,"(1,192)"
95,"Dr. Molly Cowdrey, MD, FAAD",Dermatologist,4.95,(115 reviews)
96,"Dr. Janet Prystowsky, MD",Dermatologist,4.76,(275 reviews)
97,"Dr. Nadine Kaskas, MD",Dermatologist,4.51,"(1,163)"
98,"Dr. Robert Moraru, MD",Dermatologist,4.89,(618)
99,"Dr. Theresa Durchhalter, DO",Dermatologist,4.67,(78 reviews)
100,"Dr. Andrew Para, MD",Dermatologist,4.54,(594)
101,"Dr. Jessica Feig, MD",Dermatologist,4.38,(999)
102,"Dr. Bruce E. Katz, MD",Dermatologist,4.62,(206 reviews)
103,"Dr. Susan Bard, MD",Dermatologist,5.00,(7 reviews)
104,"Dr. Nadia Abidi, MD",Dermatologist,4.63,(48 reviews)
105,"Dr. Saleh Rachidi, MD",Dermatologist,4.96,(47)
106,"Lily Andrews, NP",Nurse Practitioner,4.74,"(2,250)"
107,"Dr. Taryn Huizenga, MD",Dermatologist,4.88,(506)
108,"Dr. Jeremy Fenton, MD",Dermatologist,4.63,"(1,878)"
109,"Dr. Kautilya Shaurya, MD",Dermatologist,4.75,(921)
110,"Dr. Robin R Blum, MD, FAAD",Dermatologist,4.85,"(1,839)"
111,"Kristy Gonzalez, PAC",Physician Assistant,4.45,(11 reviews)
112,"Hana Seckler, PA",Physician Assistant,4.88,(296)
113,"Cody Archibald, PAC",Physician Assistant,4.90,(40 reviews)
114,"Dr. Jody Levine, MD",Dermatologist,4.43,(382 reviews)
115,"Todd Newman, PAC",Physician Assistant,4.69,(679)
116,"Dr. Dennis Gross, MD",Dermatologist,4.88,(248 reviews)
117,"Nicolle Finn, PA",Physician Assistant,4.74,(317)
118,"Dr. Jeremy Fenton, MD",Dermatologist,4.63,"(1,878)"
119,"Dr. Juliya Fisher, MD",Dermatologist,4.87,(329)
120,"Dr. Bruce Heller, MD",Dermatologist,4.64,(787)
121,"Allison Lester, PA",Physician Assistant,5.00,(31)
122,"Dr. Adam Nabatian, MD",Dermatologist,4.57,(58 reviews)
123,"Dr. Whitney Tan, MD",Dermatologist,4.88,(470 reviews)
124,"Dr. Salma Pothiawala, MD, MPH",Dermatologist,3.75,(523 reviews)
125,"Dr. Taryn Huizenga, MD",Dermatologist,4.88,(506)
126,"Dr. Vicki J. Levine, MD",Dermatologist,4.78,(365)
127,"Dr. Ellen Marmur, MD",Dermatologist,4.69,(294)
128,"Dr. Rachel Maiman, MD",Dermatologist,4.91,(358)
129,"Emily Braun, PAC",Physician Assistant,4.86,(311)
130,"Dr. Brian Ginsberg, MD, FAAD",Dermatologist,4.90,"(1,281)"
131,"Dr. Miriam Lieberman, MD",Dermatologist,4.76,(82)
132,"Monica Harilall, PAC",Physician Assistant,4.79,(129)
133,"Vitaly Kramer, PAC",Physician Assistant,4.82,(124)
134,"Dr. Andrea Persaud, MD",Dermatologist,4.53,(66 reviews)
135,"Dr. Sheryl D. Clark, MD",Dermatologist,4.77,(277 reviews)
136,"Alexandra Moench, NP",Cosmetic Dermatologist,5.00,(2 reviews)
137,"Elana Litwin, PA",Physician Assistant,4.84,(303)
138,"Dr. David Goldberg, MD",Dermatologist,4.41,(970)
139,"Jarrett Kaczmarski, PAC",Physician Assistant,4.69,(282)
140,"Dr. Tarek Yamany, MD",Dermatologist,4.91,(983)
141,"Dr. Yasaman Mansouri, MD, MRCP, FAAD",Dermatologist,4.81,(48)
142,"Rikki Korkowicz, PA",Physician Assistant,4.89,(102)
